file,line,type,commit,author,date,time,timezone,datetime,depth,length
style.css,1,css,271e408f,abhi-sathvika,2025-04-08,10:07:12,-07:00,2025-04-08T10:07:12-07:00,0,1
style.css,2,css,62a6ba56,abhi-sathvika,2025-04-02,18:59:15,-07:00,2025-04-02T18:59:15-07:00,0,5
style.css,3,css,271e408f,abhi-sathvika,2025-04-08,10:07:12,-07:00,2025-04-08T10:07:12-07:00,0,41
style.css,4,css,62a6ba56,abhi-sathvika,2025-04-02,18:59:15,-07:00,2025-04-02T18:59:15-07:00,0,43
style.css,5,css,271e408f,abhi-sathvika,2025-04-08,10:07:12,-07:00,2025-04-08T10:07:12-07:00,0,0
style.css,6,css,62a6ba56,abhi-sathvika,2025-04-02,18:59:15,-07:00,2025-04-02T18:59:15-07:00,0,24
style.css,7,css,271e408f,abhi-sathvika,2025-04-08,10:07:12,-07:00,2025-04-08T10:07:12-07:00,0,2
style.css,8,css,271e408f,abhi-sathvika,2025-04-08,10:07:12,-07:00,2025-04-08T10:07:12-07:00,0,0
style.css,9,css,271e408f,abhi-sathvika,2025-04-08,10:07:12,-07:00,2025-04-08T10:07:12-07:00,0,0
style.css,10,css,271e408f,abhi-sathvika,2025-04-08,10:07:12,-07:00,2025-04-08T10:07:12-07:00,0,30
style.css,11,css,271e408f,abhi-sathvika,2025-04-08,10:07:12,-07:00,2025-04-08T10:07:12-07:00,0,6
style.css,12,css,271e408f,abhi-sathvika,2025-04-08,10:07:12,-07:00,2025-04-08T10:07:12-07:00,0,38
style.css,13,css,271e408f,abhi-sathvika,2025-04-08,10:07:12,-07:00,2025-04-08T10:07:12-07:00,0,23
style.css,14,css,271e408f,abhi-sathvika,2025-04-08,10:07:12,-07:00,2025-04-08T10:07:12-07:00,0,0
style.css,15,css,271e408f,abhi-sathvika,2025-04-08,10:07:12,-07:00,2025-04-08T10:07:12-07:00,0,0
style.css,16,css,271e408f,abhi-sathvika,2025-04-08,10:07:12,-07:00,2025-04-08T10:07:12-07:00,0,5
style.css,17,css,271e408f,abhi-sathvika,2025-04-08,10:07:12,-07:00,2025-04-08T10:07:12-07:00,0,33
style.css,18,css,b962be00,abhi-sathvika,2025-04-14,16:28:10,-07:00,2025-04-14T16:28:10-07:00,0,24
style.css,19,css,271e408f,abhi-sathvika,2025-04-08,10:07:12,-07:00,2025-04-08T10:07:12-07:00,0,0
style.css,20,css,271e408f,abhi-sathvika,2025-04-08,10:07:12,-07:00,2025-04-08T10:07:12-07:00,0,0
style.css,21,css,271e408f,abhi-sathvika,2025-04-08,10:07:12,-07:00,2025-04-08T10:07:12-07:00,0,5
style.css,22,css,271e408f,abhi-sathvika,2025-04-08,10:07:12,-07:00,2025-04-08T10:07:12-07:00,0,16
style.css,23,css,271e408f,abhi-sathvika,2025-04-08,10:07:12,-07:00,2025-04-08T10:07:12-07:00,0,19
style.css,24,css,271e408f,abhi-sathvika,2025-04-08,10:07:12,-07:00,2025-04-08T10:07:12-07:00,0,19
style.css,25,css,271e408f,abhi-sathvika,2025-04-08,10:07:12,-07:00,2025-04-08T10:07:12-07:00,0,34
style.css,26,css,271e408f,abhi-sathvika,2025-04-08,10:07:12,-07:00,2025-04-08T10:07:12-07:00,0,16
style.css,27,css,271e408f,abhi-sathvika,2025-04-08,10:07:12,-07:00,2025-04-08T10:07:12-07:00,0,0
style.css,28,css,271e408f,abhi-sathvika,2025-04-08,10:07:12,-07:00,2025-04-08T10:07:12-07:00,0,0
style.css,29,css,271e408f,abhi-sathvika,2025-04-08,10:07:12,-07:00,2025-04-08T10:07:12-07:00,0,31
style.css,30,css,271e408f,abhi-sathvika,2025-04-08,10:07:12,-07:00,2025-04-08T10:07:12-07:00,0,6
style.css,31,css,271e408f,abhi-sathvika,2025-04-08,10:07:12,-07:00,2025-04-08T10:07:12-07:00,0,7
style.css,32,css,271e408f,abhi-sathvika,2025-04-08,10:07:12,-07:00,2025-04-08T10:07:12-07:00,0,17
style.css,33,css,271e408f,abhi-sathvika,2025-04-08,10:07:12,-07:00,2025-04-08T10:07:12-07:00,0,0
style.css,34,css,271e408f,abhi-sathvika,2025-04-08,10:07:12,-07:00,2025-04-08T10:07:12-07:00,0,0
style.css,35,css,271e408f,abhi-sathvika,2025-04-08,10:07:12,-07:00,2025-04-08T10:07:12-07:00,0,4
style.css,36,css,b962be00,abhi-sathvika,2025-04-14,16:28:10,-07:00,2025-04-14T16:28:10-07:00,0,40
style.css,37,css,271e408f,abhi-sathvika,2025-04-08,10:07:12,-07:00,2025-04-08T10:07:12-07:00,0,13
style.css,38,css,b962be00,abhi-sathvika,2025-04-14,16:28:10,-07:00,2025-04-14T16:28:10-07:00,0,44
style.css,39,css,271e408f,abhi-sathvika,2025-04-08,10:07:12,-07:00,2025-04-08T10:07:12-07:00,0,18
style.css,40,css,271e408f,abhi-sathvika,2025-04-08,10:07:12,-07:00,2025-04-08T10:07:12-07:00,0,0
style.css,41,css,271e408f,abhi-sathvika,2025-04-08,10:07:12,-07:00,2025-04-08T10:07:12-07:00,0,0
style.css,42,css,271e408f,abhi-sathvika,2025-04-08,10:07:12,-07:00,2025-04-08T10:07:12-07:00,0,6
style.css,43,css,271e408f,abhi-sathvika,2025-04-08,10:07:12,-07:00,2025-04-08T10:07:12-07:00,0,7
style.css,44,css,271e408f,abhi-sathvika,2025-04-08,10:07:12,-07:00,2025-04-08T10:07:12-07:00,0,18
style.css,45,css,271e408f,abhi-sathvika,2025-04-08,10:07:12,-07:00,2025-04-08T10:07:12-07:00,0,14
style.css,46,css,271e408f,abhi-sathvika,2025-04-08,10:07:12,-07:00,2025-04-08T10:07:12-07:00,0,21
style.css,47,css,271e408f,abhi-sathvika,2025-04-08,10:07:12,-07:00,2025-04-08T10:07:12-07:00,0,14
style.css,48,css,271e408f,abhi-sathvika,2025-04-08,10:07:12,-07:00,2025-04-08T10:07:12-07:00,0,0
style.css,49,css,271e408f,abhi-sathvika,2025-04-08,10:07:12,-07:00,2025-04-08T10:07:12-07:00,0,0
style.css,50,css,271e408f,abhi-sathvika,2025-04-08,10:07:12,-07:00,2025-04-08T10:07:12-07:00,0,14
style.css,51,css,271e408f,abhi-sathvika,2025-04-08,10:07:12,-07:00,2025-04-08T10:07:12-07:00,0,44
style.css,52,css,271e408f,abhi-sathvika,2025-04-08,10:07:12,-07:00,2025-04-08T10:07:12-07:00,0,21
style.css,53,css,271e408f,abhi-sathvika,2025-04-08,10:07:12,-07:00,2025-04-08T10:07:12-07:00,0,0
style.css,54,css,271e408f,abhi-sathvika,2025-04-08,10:07:12,-07:00,2025-04-08T10:07:12-07:00,0,0
style.css,55,css,271e408f,abhi-sathvika,2025-04-08,10:07:12,-07:00,2025-04-08T10:07:12-07:00,0,12
style.css,56,css,271e408f,abhi-sathvika,2025-04-08,10:07:12,-07:00,2025-04-08T10:07:12-07:00,0,46
style.css,57,css,b962be00,abhi-sathvika,2025-04-14,16:28:10,-07:00,2025-04-14T16:28:10-07:00,0,64
style.css,58,css,b962be00,abhi-sathvika,2025-04-14,16:28:10,-07:00,2025-04-14T16:28:10-07:00,0,70
style.css,59,css,271e408f,abhi-sathvika,2025-04-08,10:07:12,-07:00,2025-04-08T10:07:12-07:00,0,0
style.css,60,css,271e408f,abhi-sathvika,2025-04-08,10:07:12,-07:00,2025-04-08T10:07:12-07:00,0,0
style.css,61,css,271e408f,abhi-sathvika,2025-04-08,10:07:12,-07:00,2025-04-08T10:07:12-07:00,0,37
style.css,62,css,271e408f,abhi-sathvika,2025-04-08,10:07:12,-07:00,2025-04-08T10:07:12-07:00,0,5
style.css,63,css,271e408f,abhi-sathvika,2025-04-08,10:07:12,-07:00,2025-04-08T10:07:12-07:00,0,8
style.css,64,css,271e408f,abhi-sathvika,2025-04-08,10:07:12,-07:00,2025-04-08T10:07:12-07:00,0,7
style.css,65,css,271e408f,abhi-sathvika,2025-04-08,10:07:12,-07:00,2025-04-08T10:07:12-07:00,0,13
style.css,66,css,271e408f,abhi-sathvika,2025-04-08,10:07:12,-07:00,2025-04-08T10:07:12-07:00,0,11
style.css,67,css,271e408f,abhi-sathvika,2025-04-08,10:07:12,-07:00,2025-04-08T10:07:12-07:00,0,22
style.css,68,css,271e408f,abhi-sathvika,2025-04-08,10:07:12,-07:00,2025-04-08T10:07:12-07:00,0,0
style.css,69,css,271e408f,abhi-sathvika,2025-04-08,10:07:12,-07:00,2025-04-08T10:07:12-07:00,0,0
style.css,70,css,271e408f,abhi-sathvika,2025-04-08,10:07:12,-07:00,2025-04-08T10:07:12-07:00,0,5
style.css,71,css,271e408f,abhi-sathvika,2025-04-08,10:07:12,-07:00,2025-04-08T10:07:12-07:00,0,13
style.css,72,css,271e408f,abhi-sathvika,2025-04-08,10:07:12,-07:00,2025-04-08T10:07:12-07:00,0,31
style.css,73,css,271e408f,abhi-sathvika,2025-04-08,10:07:12,-07:00,2025-04-08T10:07:12-07:00,0,8
style.css,74,css,271e408f,abhi-sathvika,2025-04-08,10:07:12,-07:00,2025-04-08T10:07:12-07:00,0,0
style.css,75,css,271e408f,abhi-sathvika,2025-04-08,10:07:12,-07:00,2025-04-08T10:07:12-07:00,0,0
style.css,76,css,271e408f,abhi-sathvika,2025-04-08,10:07:12,-07:00,2025-04-08T10:07:12-07:00,0,11
style.css,77,css,271e408f,abhi-sathvika,2025-04-08,10:07:12,-07:00,2025-04-08T10:07:12-07:00,0,13
style.css,78,css,271e408f,abhi-sathvika,2025-04-08,10:07:12,-07:00,2025-04-08T10:07:12-07:00,0,30
style.css,79,css,271e408f,abhi-sathvika,2025-04-08,10:07:12,-07:00,2025-04-08T10:07:12-07:00,0,19
style.css,80,css,271e408f,abhi-sathvika,2025-04-08,10:07:12,-07:00,2025-04-08T10:07:12-07:00,0,10
style.css,81,css,271e408f,abhi-sathvika,2025-04-08,10:07:12,-07:00,2025-04-08T10:07:12-07:00,0,0
style.css,82,css,271e408f,abhi-sathvika,2025-04-08,10:07:12,-07:00,2025-04-08T10:07:12-07:00,0,0
style.css,83,css,271e408f,abhi-sathvika,2025-04-08,10:07:12,-07:00,2025-04-08T10:07:12-07:00,0,12
style.css,84,css,271e408f,abhi-sathvika,2025-04-08,10:07:12,-07:00,2025-04-08T10:07:12-07:00,0,19
style.css,85,css,271e408f,abhi-sathvika,2025-04-08,10:07:12,-07:00,2025-04-08T10:07:12-07:00,0,0
style.css,86,css,271e408f,abhi-sathvika,2025-04-08,10:07:12,-07:00,2025-04-08T10:07:12-07:00,0,0
style.css,87,css,271e408f,abhi-sathvika,2025-04-08,10:07:12,-07:00,2025-04-08T10:07:12-07:00,0,0
style.css,88,css,271e408f,abhi-sathvika,2025-04-08,10:07:12,-07:00,2025-04-08T10:07:12-07:00,0,38
style.css,89,css,271e408f,abhi-sathvika,2025-04-08,10:07:12,-07:00,2025-04-08T10:07:12-07:00,0,0
style.css,90,css,271e408f,abhi-sathvika,2025-04-08,10:07:12,-07:00,2025-04-08T10:07:12-07:00,0,10
style.css,91,css,271e408f,abhi-sathvika,2025-04-08,10:07:12,-07:00,2025-04-08T10:07:12-07:00,0,13
style.css,92,css,271e408f,abhi-sathvika,2025-04-08,10:07:12,-07:00,2025-04-08T10:07:12-07:00,0,59
style.css,93,css,271e408f,abhi-sathvika,2025-04-08,10:07:12,-07:00,2025-04-08T10:07:12-07:00,0,8
style.css,94,css,271e408f,abhi-sathvika,2025-04-08,10:07:12,-07:00,2025-04-08T10:07:12-07:00,0,12
style.css,95,css,271e408f,abhi-sathvika,2025-04-08,10:07:12,-07:00,2025-04-08T10:07:12-07:00,0,0
style.css,96,css,271e408f,abhi-sathvika,2025-04-08,10:07:12,-07:00,2025-04-08T10:07:12-07:00,0,0
style.css,97,css,271e408f,abhi-sathvika,2025-04-08,10:07:12,-07:00,2025-04-08T10:07:12-07:00,0,18
style.css,98,css,271e408f,abhi-sathvika,2025-04-08,10:07:12,-07:00,2025-04-08T10:07:12-07:00,0,13
style.css,99,css,271e408f,abhi-sathvika,2025-04-08,10:07:12,-07:00,2025-04-08T10:07:12-07:00,0,27
style.css,100,css,271e408f,abhi-sathvika,2025-04-08,10:07:12,-07:00,2025-04-08T10:07:12-07:00,0,16
style.css,101,css,271e408f,abhi-sathvika,2025-04-08,10:07:12,-07:00,2025-04-08T10:07:12-07:00,0,8
style.css,102,css,271e408f,abhi-sathvika,2025-04-08,10:07:12,-07:00,2025-04-08T10:07:12-07:00,0,0
style.css,103,css,271e408f,abhi-sathvika,2025-04-08,10:07:12,-07:00,2025-04-08T10:07:12-07:00,0,0
style.css,104,css,271e408f,abhi-sathvika,2025-04-08,10:07:12,-07:00,2025-04-08T10:07:12-07:00,0,29
style.css,105,css,271e408f,abhi-sathvika,2025-04-08,10:07:12,-07:00,2025-04-08T10:07:12-07:00,0,13
style.css,106,css,271e408f,abhi-sathvika,2025-04-08,10:07:12,-07:00,2025-04-08T10:07:12-07:00,0,9
style.css,107,css,271e408f,abhi-sathvika,2025-04-08,10:07:12,-07:00,2025-04-08T10:07:12-07:00,0,0
style.css,108,css,271e408f,abhi-sathvika,2025-04-08,10:07:12,-07:00,2025-04-08T10:07:12-07:00,0,0
style.css,109,css,58edcd82,abhi-sathvika,2025-04-29,16:36:07,-07:00,2025-04-29T16:36:07-07:00,0,20
style.css,110,css,58edcd82,abhi-sathvika,2025-04-29,16:36:07,-07:00,2025-04-29T16:36:07-07:00,0,11
style.css,111,css,58edcd82,abhi-sathvika,2025-04-29,16:36:07,-07:00,2025-04-29T16:36:07-07:00,0,31
style.css,112,css,58edcd82,abhi-sathvika,2025-04-29,16:36:07,-07:00,2025-04-29T16:36:07-07:00,0,35
style.css,113,css,58edcd82,abhi-sathvika,2025-04-29,16:36:07,-07:00,2025-04-29T16:36:07-07:00,0,41
style.css,114,css,58edcd82,abhi-sathvika,2025-04-29,16:36:07,-07:00,2025-04-29T16:36:07-07:00,0,0
style.css,115,css,58edcd82,abhi-sathvika,2025-04-29,16:36:07,-07:00,2025-04-29T16:36:07-07:00,0,0
style.css,116,css,58edcd82,abhi-sathvika,2025-04-29,16:36:07,-07:00,2025-04-29T16:36:07-07:00,0,0
style.css,117,css,58edcd82,abhi-sathvika,2025-04-29,16:36:07,-07:00,2025-04-29T16:36:07-07:00,0,19
style.css,118,css,58edcd82,abhi-sathvika,2025-04-29,16:36:07,-07:00,2025-04-29T16:36:07-07:00,0,15
style.css,119,css,58edcd82,abhi-sathvika,2025-04-29,16:36:07,-07:00,2025-04-29T16:36:07-07:00,0,17
style.css,120,css,58edcd82,abhi-sathvika,2025-04-29,16:36:07,-07:00,2025-04-29T16:36:07-07:00,0,0
style.css,121,css,58edcd82,abhi-sathvika,2025-04-29,16:36:07,-07:00,2025-04-29T16:36:07-07:00,0,17
style.css,122,css,58edcd82,abhi-sathvika,2025-04-29,16:36:07,-07:00,2025-04-29T16:36:07-07:00,0,0
style.css,123,css,58edcd82,abhi-sathvika,2025-04-29,16:36:07,-07:00,2025-04-29T16:36:07-07:00,0,0
style.css,124,css,58edcd82,abhi-sathvika,2025-04-29,16:36:07,-07:00,2025-04-29T16:36:07-07:00,0,11
style.css,125,css,58edcd82,abhi-sathvika,2025-04-29,16:36:07,-07:00,2025-04-29T16:36:07-07:00,0,13
style.css,126,css,58edcd82,abhi-sathvika,2025-04-29,16:36:07,-07:00,2025-04-29T16:36:07-07:00,0,65
style.css,127,css,58edcd82,abhi-sathvika,2025-04-29,16:36:07,-07:00,2025-04-29T16:36:07-07:00,0,62
style.css,128,css,58edcd82,abhi-sathvika,2025-04-29,16:36:07,-07:00,2025-04-29T16:36:07-07:00,0,66
style.css,129,css,58edcd82,abhi-sathvika,2025-04-29,16:36:07,-07:00,2025-04-29T16:36:07-07:00,0,56
style.css,130,css,58edcd82,abhi-sathvika,2025-04-29,16:36:07,-07:00,2025-04-29T16:36:07-07:00,0,0
style.css,131,css,58edcd82,abhi-sathvika,2025-04-29,16:36:07,-07:00,2025-04-29T16:36:07-07:00,0,0
style.css,132,css,58edcd82,abhi-sathvika,2025-04-29,16:36:07,-07:00,2025-04-29T16:36:07-07:00,0,4
style.css,133,css,58edcd82,abhi-sathvika,2025-04-29,16:36:07,-07:00,2025-04-29T16:36:07-07:00,0,54
style.css,134,css,58edcd82,abhi-sathvika,2025-04-29,16:36:07,-07:00,2025-04-29T16:36:07-07:00,0,13
style.css,135,css,58edcd82,abhi-sathvika,2025-04-29,16:36:07,-07:00,2025-04-29T16:36:07-07:00,0,49
style.css,136,css,58edcd82,abhi-sathvika,2025-04-29,16:36:07,-07:00,2025-04-29T16:36:07-07:00,0,0
style.css,137,css,58edcd82,abhi-sathvika,2025-04-29,16:36:07,-07:00,2025-04-29T16:36:07-07:00,0,0
style.css,138,css,58edcd82,abhi-sathvika,2025-04-29,16:36:07,-07:00,2025-04-29T16:36:07-07:00,0,0
style.css,139,css,58edcd82,abhi-sathvika,2025-04-29,16:36:07,-07:00,2025-04-29T16:36:07-07:00,0,8
style.css,140,css,58edcd82,abhi-sathvika,2025-04-29,16:36:07,-07:00,2025-04-29T16:36:07-07:00,0,13
style.css,141,css,58edcd82,abhi-sathvika,2025-04-29,16:36:07,-07:00,2025-04-29T16:36:07-07:00,0,58
style.css,142,css,58edcd82,abhi-sathvika,2025-04-29,16:36:07,-07:00,2025-04-29T16:36:07-07:00,0,22
style.css,143,css,58edcd82,abhi-sathvika,2025-04-29,16:36:07,-07:00,2025-04-29T16:36:07-07:00,0,12
style.css,144,css,58edcd82,abhi-sathvika,2025-04-29,16:36:07,-07:00,2025-04-29T16:36:07-07:00,0,15
style.css,145,css,58edcd82,abhi-sathvika,2025-04-29,16:36:07,-07:00,2025-04-29T16:36:07-07:00,0,8
style.css,146,css,58edcd82,abhi-sathvika,2025-04-29,16:36:07,-07:00,2025-04-29T16:36:07-07:00,0,25
style.css,147,css,58edcd82,abhi-sathvika,2025-04-29,16:36:07,-07:00,2025-04-29T16:36:07-07:00,0,23
style.css,148,css,58edcd82,abhi-sathvika,2025-04-29,16:36:07,-07:00,2025-04-29T16:36:07-07:00,0,16
style.css,149,css,58edcd82,abhi-sathvika,2025-04-29,16:36:07,-07:00,2025-04-29T16:36:07-07:00,0,7
style.css,150,css,58edcd82,abhi-sathvika,2025-04-29,16:36:07,-07:00,2025-04-29T16:36:07-07:00,0,0
style.css,151,css,58edcd82,abhi-sathvika,2025-04-29,16:36:07,-07:00,2025-04-29T16:36:07-07:00,0,0
style.css,152,css,58edcd82,abhi-sathvika,2025-04-29,16:36:07,-07:00,2025-04-29T16:36:07-07:00,0,13
style.css,153,css,58edcd82,abhi-sathvika,2025-04-29,16:36:07,-07:00,2025-04-29T16:36:07-07:00,0,13
style.css,154,css,58edcd82,abhi-sathvika,2025-04-29,16:36:07,-07:00,2025-04-29T16:36:07-07:00,0,19
style.css,155,css,58edcd82,abhi-sathvika,2025-04-29,16:36:07,-07:00,2025-04-29T16:36:07-07:00,0,10
style.css,156,css,58edcd82,abhi-sathvika,2025-04-29,16:36:07,-07:00,2025-04-29T16:36:07-07:00,0,0
style.css,157,css,58edcd82,abhi-sathvika,2025-04-29,16:36:07,-07:00,2025-04-29T16:36:07-07:00,0,0
style.css,158,css,58edcd82,abhi-sathvika,2025-04-29,16:36:07,-07:00,2025-04-29T16:36:07-07:00,0,8
style.css,159,css,58edcd82,abhi-sathvika,2025-04-29,16:36:07,-07:00,2025-04-29T16:36:07-07:00,0,21
style.css,160,css,58edcd82,abhi-sathvika,2025-04-29,16:36:07,-07:00,2025-04-29T16:36:07-07:00,0,10
style.css,161,css,58edcd82,abhi-sathvika,2025-04-29,16:36:07,-07:00,2025-04-29T16:36:07-07:00,0,11
style.css,162,css,58edcd82,abhi-sathvika,2025-04-29,16:36:07,-07:00,2025-04-29T16:36:07-07:00,0,30
style.css,163,css,58edcd82,abhi-sathvika,2025-04-29,16:36:07,-07:00,2025-04-29T16:36:07-07:00,0,20
style.css,164,css,58edcd82,abhi-sathvika,2025-04-29,16:36:07,-07:00,2025-04-29T16:36:07-07:00,0,0
style.css,165,css,58edcd82,abhi-sathvika,2025-04-29,16:36:07,-07:00,2025-04-29T16:36:07-07:00,0,0
style.css,166,css,58edcd82,abhi-sathvika,2025-04-29,16:36:07,-07:00,2025-04-29T16:36:07-07:00,0,37
style.css,167,css,58edcd82,abhi-sathvika,2025-04-29,16:36:07,-07:00,2025-04-29T16:36:07-07:00,0,12
style.css,168,css,58edcd82,abhi-sathvika,2025-04-29,16:36:07,-07:00,2025-04-29T16:36:07-07:00,0,0
style.css,169,css,58edcd82,abhi-sathvika,2025-04-29,16:36:07,-07:00,2025-04-29T16:36:07-07:00,0,0
style.css,170,css,58edcd82,abhi-sathvika,2025-04-29,16:36:07,-07:00,2025-04-29T16:36:07-07:00,0,5
style.css,171,css,58edcd82,abhi-sathvika,2025-04-29,16:36:07,-07:00,2025-04-29T16:36:07-07:00,0,17
style.css,172,css,58edcd82,abhi-sathvika,2025-04-29,16:36:07,-07:00,2025-04-29T16:36:07-07:00,0,15
style.css,173,css,58edcd82,abhi-sathvika,2025-04-29,16:36:07,-07:00,2025-04-29T16:36:07-07:00,0,0
style.css,174,css,58edcd82,abhi-sathvika,2025-04-29,16:36:07,-07:00,2025-04-29T16:36:07-07:00,0,0
style.css,175,css,58edcd82,abhi-sathvika,2025-04-29,16:36:07,-07:00,2025-04-29T16:36:07-07:00,0,0
style.css,176,css,58edcd82,abhi-sathvika,2025-04-29,16:36:07,-07:00,2025-04-29T16:36:07-07:00,0,10
style.css,177,css,58edcd82,abhi-sathvika,2025-04-29,16:36:07,-07:00,2025-04-29T16:36:07-07:00,0,36
style.css,178,css,58edcd82,abhi-sathvika,2025-04-29,16:36:07,-07:00,2025-04-29T16:36:07-07:00,0,0
style.css,179,css,58edcd82,abhi-sathvika,2025-04-29,16:36:07,-07:00,2025-04-29T16:36:07-07:00,0,0
style.css,180,css,58edcd82,abhi-sathvika,2025-04-29,16:36:07,-07:00,2025-04-29T16:36:07-07:00,0,19
style.css,181,css,58edcd82,abhi-sathvika,2025-04-29,16:36:07,-07:00,2025-04-29T16:36:07-07:00,0,18
style.css,182,css,58edcd82,abhi-sathvika,2025-04-29,16:36:07,-07:00,2025-04-29T16:36:07-07:00,0,0
style.css,183,css,58edcd82,abhi-sathvika,2025-04-29,16:36:07,-07:00,2025-04-29T16:36:07-07:00,0,0
style.css,184,css,58edcd82,abhi-sathvika,2025-04-29,16:36:07,-07:00,2025-04-29T16:36:07-07:00,0,17
style.css,185,css,58edcd82,abhi-sathvika,2025-04-29,16:36:07,-07:00,2025-04-29T16:36:07-07:00,0,17
style.css,186,css,58edcd82,abhi-sathvika,2025-04-29,16:36:07,-07:00,2025-04-29T16:36:07-07:00,0,26
style.css,187,css,58edcd82,abhi-sathvika,2025-04-29,16:36:07,-07:00,2025-04-29T16:36:07-07:00,0,0
style.css,188,css,58edcd82,abhi-sathvika,2025-04-29,16:36:07,-07:00,2025-04-29T16:36:07-07:00,0,0
style.css,189,css,271e408f,abhi-sathvika,2025-04-08,10:07:12,-07:00,2025-04-08T10:07:12-07:00,0,0
style.css,190,css,271e408f,abhi-sathvika,2025-04-08,10:07:12,-07:00,2025-04-08T10:07:12-07:00,0,35
style.css,191,css,271e408f,abhi-sathvika,2025-04-08,10:07:12,-07:00,2025-04-08T10:07:12-07:00,0,3
style.css,192,css,271e408f,abhi-sathvika,2025-04-08,10:07:12,-07:00,2025-04-08T10:07:12-07:00,0,15
style.css,193,css,271e408f,abhi-sathvika,2025-04-08,10:07:12,-07:00,2025-04-08T10:07:12-07:00,0,16
style.css,194,css,271e408f,abhi-sathvika,2025-04-08,10:07:12,-07:00,2025-04-08T10:07:12-07:00,0,18
style.css,195,css,271e408f,abhi-sathvika,2025-04-08,10:07:12,-07:00,2025-04-08T10:07:12-07:00,0,15
style.css,196,css,271e408f,abhi-sathvika,2025-04-08,10:07:12,-07:00,2025-04-08T10:07:12-07:00,0,0
style.css,197,css,271e408f,abhi-sathvika,2025-04-08,10:07:12,-07:00,2025-04-08T10:07:12-07:00,0,0
style.css,198,css,271e408f,abhi-sathvika,2025-04-08,10:07:12,-07:00,2025-04-08T10:07:12-07:00,0,19
style.css,199,css,271e408f,abhi-sathvika,2025-04-08,10:07:12,-07:00,2025-04-08T10:07:12-07:00,0,16
style.css,200,css,271e408f,abhi-sathvika,2025-04-08,10:07:12,-07:00,2025-04-08T10:07:12-07:00,0,18
style.css,201,css,271e408f,abhi-sathvika,2025-04-08,10:07:12,-07:00,2025-04-08T10:07:12-07:00,0,0
style.css,202,css,271e408f,abhi-sathvika,2025-04-08,10:07:12,-07:00,2025-04-08T10:07:12-07:00,0,0
style.css,203,css,271e408f,abhi-sathvika,2025-04-08,10:07:12,-07:00,2025-04-08T10:07:12-07:00,0,32
style.css,204,css,271e408f,abhi-sathvika,2025-04-08,10:07:12,-07:00,2025-04-08T10:07:12-07:00,0,14
style.css,205,css,271e408f,abhi-sathvika,2025-04-08,10:07:12,-07:00,2025-04-08T10:07:12-07:00,0,11
style.css,206,css,271e408f,abhi-sathvika,2025-04-08,10:07:12,-07:00,2025-04-08T10:07:12-07:00,0,12
style.css,207,css,271e408f,abhi-sathvika,2025-04-08,10:07:12,-07:00,2025-04-08T10:07:12-07:00,0,17
style.css,208,css,271e408f,abhi-sathvika,2025-04-08,10:07:12,-07:00,2025-04-08T10:07:12-07:00,0,0
style.css,209,css,271e408f,abhi-sathvika,2025-04-08,10:07:12,-07:00,2025-04-08T10:07:12-07:00,0,0
style.css,210,css,271e408f,abhi-sathvika,2025-04-08,10:07:12,-07:00,2025-04-08T10:07:12-07:00,0,0
style.css,211,css,271e408f,abhi-sathvika,2025-04-08,10:07:12,-07:00,2025-04-08T10:07:12-07:00,0,0
style.css,212,css,271e408f,abhi-sathvika,2025-04-08,10:07:12,-07:00,2025-04-08T10:07:12-07:00,0,40
style.css,213,css,b962be00,abhi-sathvika,2025-04-14,16:28:10,-07:00,2025-04-14T16:28:10-07:00,0,16
style.css,214,css,271e408f,abhi-sathvika,2025-04-08,10:07:12,-07:00,2025-04-08T10:07:12-07:00,0,60
style.css,215,css,271e408f,abhi-sathvika,2025-04-08,10:07:12,-07:00,2025-04-08T10:07:12-07:00,0,16
style.css,216,css,271e408f,abhi-sathvika,2025-04-08,10:07:12,-07:00,2025-04-08T10:07:12-07:00,0,12
style.css,217,css,271e408f,abhi-sathvika,2025-04-08,10:07:12,-07:00,2025-04-08T10:07:12-07:00,0,25
style.css,218,css,271e408f,abhi-sathvika,2025-04-08,10:07:12,-07:00,2025-04-08T10:07:12-07:00,0,11
style.css,219,css,271e408f,abhi-sathvika,2025-04-08,10:07:12,-07:00,2025-04-08T10:07:12-07:00,0,16
style.css,220,css,271e408f,abhi-sathvika,2025-04-08,10:07:12,-07:00,2025-04-08T10:07:12-07:00,0,14
style.css,221,css,271e408f,abhi-sathvika,2025-04-08,10:07:12,-07:00,2025-04-08T10:07:12-07:00,0,0
style.css,222,css,271e408f,abhi-sathvika,2025-04-08,10:07:12,-07:00,2025-04-08T10:07:12-07:00,0,0
style.css,223,css,271e408f,abhi-sathvika,2025-04-08,10:07:12,-07:00,2025-04-08T10:07:12-07:00,0,16
style.css,224,css,271e408f,abhi-sathvika,2025-04-08,10:07:12,-07:00,2025-04-08T10:07:12-07:00,0,15
style.css,225,css,271e408f,abhi-sathvika,2025-04-08,10:07:12,-07:00,2025-04-08T10:07:12-07:00,0,20
style.css,226,css,271e408f,abhi-sathvika,2025-04-08,10:07:12,-07:00,2025-04-08T10:07:12-07:00,0,14
style.css,227,css,271e408f,abhi-sathvika,2025-04-08,10:07:12,-07:00,2025-04-08T10:07:12-07:00,0,16
style.css,228,css,271e408f,abhi-sathvika,2025-04-08,10:07:12,-07:00,2025-04-08T10:07:12-07:00,0,0
style.css,229,css,271e408f,abhi-sathvika,2025-04-08,10:07:12,-07:00,2025-04-08T10:07:12-07:00,0,0
style.css,230,css,271e408f,abhi-sathvika,2025-04-08,10:07:12,-07:00,2025-04-08T10:07:12-07:00,0,24
style.css,231,css,271e408f,abhi-sathvika,2025-04-08,10:07:12,-07:00,2025-04-08T10:07:12-07:00,0,14
style.css,232,css,271e408f,abhi-sathvika,2025-04-08,10:07:12,-07:00,2025-04-08T10:07:12-07:00,0,15
style.css,233,css,271e408f,abhi-sathvika,2025-04-08,10:07:12,-07:00,2025-04-08T10:07:12-07:00,0,32
style.css,234,css,271e408f,abhi-sathvika,2025-04-08,10:07:12,-07:00,2025-04-08T10:07:12-07:00,0,22
style.css,235,css,271e408f,abhi-sathvika,2025-04-08,10:07:12,-07:00,2025-04-08T10:07:12-07:00,0,14
style.css,236,css,271e408f,abhi-sathvika,2025-04-08,10:07:12,-07:00,2025-04-08T10:07:12-07:00,0,0
style.css,237,css,271e408f,abhi-sathvika,2025-04-08,10:07:12,-07:00,2025-04-08T10:07:12-07:00,0,0
style.css,238,css,271e408f,abhi-sathvika,2025-04-08,10:07:12,-07:00,2025-04-08T10:07:12-07:00,0,16
style.css,239,css,271e408f,abhi-sathvika,2025-04-08,10:07:12,-07:00,2025-04-08T10:07:12-07:00,0,17
style.css,240,css,271e408f,abhi-sathvika,2025-04-08,10:07:12,-07:00,2025-04-08T10:07:12-07:00,0,20
style.css,241,css,271e408f,abhi-sathvika,2025-04-08,10:07:12,-07:00,2025-04-08T10:07:12-07:00,0,0
style.css,242,css,271e408f,abhi-sathvika,2025-04-08,10:07:12,-07:00,2025-04-08T10:07:12-07:00,0,0
style.css,243,css,271e408f,abhi-sathvika,2025-04-08,10:07:12,-07:00,2025-04-08T10:07:12-07:00,0,18
style.css,244,css,271e408f,abhi-sathvika,2025-04-08,10:07:12,-07:00,2025-04-08T10:07:12-07:00,0,17
style.css,245,css,271e408f,abhi-sathvika,2025-04-08,10:07:12,-07:00,2025-04-08T10:07:12-07:00,0,11
style.css,246,css,271e408f,abhi-sathvika,2025-04-08,10:07:12,-07:00,2025-04-08T10:07:12-07:00,0,14
style.css,247,css,271e408f,abhi-sathvika,2025-04-08,10:07:12,-07:00,2025-04-08T10:07:12-07:00,0,20
style.css,248,css,271e408f,abhi-sathvika,2025-04-08,10:07:12,-07:00,2025-04-08T10:07:12-07:00,0,0
style.css,249,css,271e408f,abhi-sathvika,2025-04-08,10:07:12,-07:00,2025-04-08T10:07:12-07:00,0,0
style.css,250,css,271e408f,abhi-sathvika,2025-04-08,10:07:12,-07:00,2025-04-08T10:07:12-07:00,0,24
style.css,251,css,271e408f,abhi-sathvika,2025-04-08,10:07:12,-07:00,2025-04-08T10:07:12-07:00,0,21
style.css,252,css,271e408f,abhi-sathvika,2025-04-08,10:07:12,-07:00,2025-04-08T10:07:12-07:00,0,18
style.css,253,css,271e408f,abhi-sathvika,2025-04-08,10:07:12,-07:00,2025-04-08T10:07:12-07:00,0,18
style.css,254,css,271e408f,abhi-sathvika,2025-04-08,10:07:12,-07:00,2025-04-08T10:07:12-07:00,0,0
style.css,255,css,271e408f,abhi-sathvika,2025-04-08,10:07:12,-07:00,2025-04-08T10:07:12-07:00,0,0
style.css,256,css,271e408f,abhi-sathvika,2025-04-08,10:07:12,-07:00,2025-04-08T10:07:12-07:00,0,15
style.css,257,css,271e408f,abhi-sathvika,2025-04-08,10:07:12,-07:00,2025-04-08T10:07:12-07:00,0,18
style.css,258,css,271e408f,abhi-sathvika,2025-04-08,10:07:12,-07:00,2025-04-08T10:07:12-07:00,0,0
style.css,259,css,271e408f,abhi-sathvika,2025-04-08,10:07:12,-07:00,2025-04-08T10:07:12-07:00,0,0
style.css,260,css,271e408f,abhi-sathvika,2025-04-08,10:07:12,-07:00,2025-04-08T10:07:12-07:00,0,20
style.css,261,css,271e408f,abhi-sathvika,2025-04-08,10:07:12,-07:00,2025-04-08T10:07:12-07:00,0,17
style.css,262,css,271e408f,abhi-sathvika,2025-04-08,10:07:12,-07:00,2025-04-08T10:07:12-07:00,0,11
style.css,263,css,271e408f,abhi-sathvika,2025-04-08,10:07:12,-07:00,2025-04-08T10:07:12-07:00,0,0
style.css,264,css,271e408f,abhi-sathvika,2025-04-08,10:07:12,-07:00,2025-04-08T10:07:12-07:00,0,0
style.css,265,css,271e408f,abhi-sathvika,2025-04-08,10:07:12,-07:00,2025-04-08T10:07:12-07:00,0,24
style.css,266,css,271e408f,abhi-sathvika,2025-04-08,10:07:12,-07:00,2025-04-08T10:07:12-07:00,0,23
style.css,267,css,271e408f,abhi-sathvika,2025-04-08,10:07:12,-07:00,2025-04-08T10:07:12-07:00,0,18
style.css,268,css,271e408f,abhi-sathvika,2025-04-08,10:07:12,-07:00,2025-04-08T10:07:12-07:00,0,0
style.css,269,css,271e408f,abhi-sathvika,2025-04-08,10:07:12,-07:00,2025-04-08T10:07:12-07:00,0,0
style.css,270,css,271e408f,abhi-sathvika,2025-04-08,10:07:12,-07:00,2025-04-08T10:07:12-07:00,0,26
style.css,271,css,271e408f,abhi-sathvika,2025-04-08,10:07:12,-07:00,2025-04-08T10:07:12-07:00,0,13
style.css,272,css,271e408f,abhi-sathvika,2025-04-08,10:07:12,-07:00,2025-04-08T10:07:12-07:00,0,12
style.css,273,css,271e408f,abhi-sathvika,2025-04-08,10:07:12,-07:00,2025-04-08T10:07:12-07:00,0,0
style.css,274,css,b962be00,abhi-sathvika,2025-04-14,16:28:10,-07:00,2025-04-14T16:28:10-07:00,0,3
style.css,275,css,b962be00,abhi-sathvika,2025-04-14,16:28:10,-07:00,2025-04-14T16:28:10-07:00,0,0
style.css,276,css,b962be00,abhi-sathvika,2025-04-14,16:28:10,-07:00,2025-04-14T16:28:10-07:00,0,0
style.css,277,css,b962be00,abhi-sathvika,2025-04-14,16:28:10,-07:00,2025-04-14T16:28:10-07:00,0,31
style.css,278,css,b962be00,abhi-sathvika,2025-04-14,16:28:10,-07:00,2025-04-14T16:28:10-07:00,0,13
style.css,279,css,b962be00,abhi-sathvika,2025-04-14,16:28:10,-07:00,2025-04-14T16:28:10-07:00,0,60
style.css,280,css,b962be00,abhi-sathvika,2025-04-14,16:28:10,-07:00,2025-04-14T16:28:10-07:00,0,16
style.css,281,css,b962be00,abhi-sathvika,2025-04-14,16:28:10,-07:00,2025-04-14T16:28:10-07:00,0,12
style.css,282,css,b962be00,abhi-sathvika,2025-04-14,16:28:10,-07:00,2025-04-14T16:28:10-07:00,0,54
style.css,283,css,b962be00,abhi-sathvika,2025-04-14,16:28:10,-07:00,2025-04-14T16:28:10-07:00,0,40
style.css,284,css,b962be00,abhi-sathvika,2025-04-14,16:28:10,-07:00,2025-04-14T16:28:10-07:00,0,16
style.css,285,css,b962be00,abhi-sathvika,2025-04-14,16:28:10,-07:00,2025-04-14T16:28:10-07:00,0,14
style.css,286,css,271e408f,abhi-sathvika,2025-04-08,10:07:12,-07:00,2025-04-08T10:07:12-07:00,0,0
style.css,287,css,271e408f,abhi-sathvika,2025-04-08,10:07:12,-07:00,2025-04-08T10:07:12-07:00,0,0
style.css,288,css,b962be00,abhi-sathvika,2025-04-14,16:28:10,-07:00,2025-04-14T16:28:10-07:00,0,30
style.css,289,css,b962be00,abhi-sathvika,2025-04-14,16:28:10,-07:00,2025-04-14T16:28:10-07:00,0,29
style.css,290,css,b962be00,abhi-sathvika,2025-04-14,16:28:10,-07:00,2025-04-14T16:28:10-07:00,0,53
style.css,291,css,b962be00,abhi-sathvika,2025-04-14,16:28:10,-07:00,2025-04-14T16:28:10-07:00,0,42
style.css,292,css,b962be00,abhi-sathvika,2025-04-14,16:28:10,-07:00,2025-04-14T16:28:10-07:00,0,0
style.css,293,css,271e408f,abhi-sathvika,2025-04-08,10:07:12,-07:00,2025-04-08T10:07:12-07:00,0,0
style.css,294,css,b962be00,abhi-sathvika,2025-04-14,16:28:10,-07:00,2025-04-14T16:28:10-07:00,0,32
style.css,295,css,b962be00,abhi-sathvika,2025-04-14,16:28:10,-07:00,2025-04-14T16:28:10-07:00,0,44
style.css,296,css,b962be00,abhi-sathvika,2025-04-14,16:28:10,-07:00,2025-04-14T16:28:10-07:00,0,0
style.css,297,css,b962be00,abhi-sathvika,2025-04-14,16:28:10,-07:00,2025-04-14T16:28:10-07:00,0,0
style.css,298,css,b962be00,abhi-sathvika,2025-04-14,16:28:10,-07:00,2025-04-14T16:28:10-07:00,0,40
style.css,299,css,b962be00,abhi-sathvika,2025-04-14,16:28:10,-07:00,2025-04-14T16:28:10-07:00,0,45
style.css,300,css,b962be00,abhi-sathvika,2025-04-14,16:28:10,-07:00,2025-04-14T16:28:10-07:00,0,56
style.css,301,css,b962be00,abhi-sathvika,2025-04-14,16:28:10,-07:00,2025-04-14T16:28:10-07:00,0,0
style.css,302,css,b962be00,abhi-sathvika,2025-04-14,16:28:10,-07:00,2025-04-14T16:28:10-07:00,0,0
style.css,303,css,b962be00,abhi-sathvika,2025-04-14,16:28:10,-07:00,2025-04-14T16:28:10-07:00,0,36
style.css,304,css,b962be00,abhi-sathvika,2025-04-14,16:28:10,-07:00,2025-04-14T16:28:10-07:00,0,43
style.css,305,css,b962be00,abhi-sathvika,2025-04-14,16:28:10,-07:00,2025-04-14T16:28:10-07:00,0,0
style.css,306,css,b962be00,abhi-sathvika,2025-04-14,16:28:10,-07:00,2025-04-14T16:28:10-07:00,0,0
style.css,307,css,b962be00,abhi-sathvika,2025-04-14,16:28:10,-07:00,2025-04-14T16:28:10-07:00,0,34
style.css,308,css,b962be00,abhi-sathvika,2025-04-14,16:28:10,-07:00,2025-04-14T16:28:10-07:00,0,42
style.css,309,css,b962be00,abhi-sathvika,2025-04-14,16:28:10,-07:00,2025-04-14T16:28:10-07:00,0,0
style.css,310,css,b962be00,abhi-sathvika,2025-04-14,16:28:10,-07:00,2025-04-14T16:28:10-07:00,0,0
style.css,311,css,b962be00,abhi-sathvika,2025-04-14,16:28:10,-07:00,2025-04-14T16:28:10-07:00,0,0
style.css,312,css,b962be00,abhi-sathvika,2025-04-14,16:28:10,-07:00,2025-04-14T16:28:10-07:00,0,38
style.css,313,css,b962be00,abhi-sathvika,2025-04-14,16:28:10,-07:00,2025-04-14T16:28:10-07:00,0,0
style.css,314,css,b962be00,abhi-sathvika,2025-04-14,16:28:10,-07:00,2025-04-14T16:28:10-07:00,0,14
style.css,315,css,b962be00,abhi-sathvika,2025-04-14,16:28:10,-07:00,2025-04-14T16:28:10-07:00,0,18
style.css,316,css,b962be00,abhi-sathvika,2025-04-14,16:28:10,-07:00,2025-04-14T16:28:10-07:00,0,9
style.css,317,css,b962be00,abhi-sathvika,2025-04-14,16:28:10,-07:00,2025-04-14T16:28:10-07:00,0,11
style.css,318,css,b962be00,abhi-sathvika,2025-04-14,16:28:10,-07:00,2025-04-14T16:28:10-07:00,0,14
style.css,319,css,b962be00,abhi-sathvika,2025-04-14,16:28:10,-07:00,2025-04-14T16:28:10-07:00,0,20
style.css,320,css,b962be00,abhi-sathvika,2025-04-14,16:28:10,-07:00,2025-04-14T16:28:10-07:00,0,0
style.css,321,css,271e408f,abhi-sathvika,2025-04-08,10:07:12,-07:00,2025-04-08T10:07:12-07:00,0,0
style.css,322,css,6773dc3d,abhi-sathvika,2025-04-21,18:37:03,-07:00,2025-04-21T18:37:03-07:00,0,0
style.css,323,css,6773dc3d,abhi-sathvika,2025-04-21,18:37:03,-07:00,2025-04-21T18:37:03-07:00,0,37
style.css,324,css,6773dc3d,abhi-sathvika,2025-04-21,18:37:03,-07:00,2025-04-21T18:37:03-07:00,0,0
style.css,325,css,6773dc3d,abhi-sathvika,2025-04-21,18:37:03,-07:00,2025-04-21T18:37:03-07:00,0,33
style.css,326,css,6773dc3d,abhi-sathvika,2025-04-21,18:37:03,-07:00,2025-04-21T18:37:03-07:00,0,13
style.css,327,css,6773dc3d,abhi-sathvika,2025-04-21,18:37:03,-07:00,2025-04-21T18:37:03-07:00,0,37
style.css,328,css,6773dc3d,abhi-sathvika,2025-04-21,18:37:03,-07:00,2025-04-21T18:37:03-07:00,0,18
style.css,329,css,6773dc3d,abhi-sathvika,2025-04-21,18:37:03,-07:00,2025-04-21T18:37:03-07:00,0,9
style.css,330,css,6773dc3d,abhi-sathvika,2025-04-21,18:37:03,-07:00,2025-04-21T18:37:03-07:00,0,16
style.css,331,css,6773dc3d,abhi-sathvika,2025-04-21,18:37:03,-07:00,2025-04-21T18:37:03-07:00,0,0
style.css,332,css,6773dc3d,abhi-sathvika,2025-04-21,18:37:03,-07:00,2025-04-21T18:37:03-07:00,0,0
style.css,333,css,6773dc3d,abhi-sathvika,2025-04-21,18:37:03,-07:00,2025-04-21T18:37:03-07:00,0,18
style.css,334,css,6773dc3d,abhi-sathvika,2025-04-21,18:37:03,-07:00,2025-04-21T18:37:03-07:00,0,17
style.css,335,css,6773dc3d,abhi-sathvika,2025-04-21,18:37:03,-07:00,2025-04-21T18:37:03-07:00,0,11
style.css,336,css,6773dc3d,abhi-sathvika,2025-04-21,18:37:03,-07:00,2025-04-21T18:37:03-07:00,0,0
style.css,337,css,6773dc3d,abhi-sathvika,2025-04-21,18:37:03,-07:00,2025-04-21T18:37:03-07:00,0,0
style.css,338,css,6773dc3d,abhi-sathvika,2025-04-21,18:37:03,-07:00,2025-04-21T18:37:03-07:00,0,18
style.css,339,css,6773dc3d,abhi-sathvika,2025-04-21,18:37:03,-07:00,2025-04-21T18:37:03-07:00,0,9
style.css,340,css,6773dc3d,abhi-sathvika,2025-04-21,18:37:03,-07:00,2025-04-21T18:37:03-07:00,0,11
style.css,341,css,6773dc3d,abhi-sathvika,2025-04-21,18:37:03,-07:00,2025-04-21T18:37:03-07:00,0,3
style.css,342,css,6773dc3d,abhi-sathvika,2025-04-21,18:37:03,-07:00,2025-04-21T18:37:03-07:00,0,0
style.css,343,css,6773dc3d,abhi-sathvika,2025-04-21,18:37:03,-07:00,2025-04-21T18:37:03-07:00,0,15
style.css,344,css,6773dc3d,abhi-sathvika,2025-04-21,18:37:03,-07:00,2025-04-21T18:37:03-07:00,0,32
style.css,345,css,6773dc3d,abhi-sathvika,2025-04-21,18:37:03,-07:00,2025-04-21T18:37:03-07:00,0,13
style.css,346,css,6773dc3d,abhi-sathvika,2025-04-21,18:37:03,-07:00,2025-04-21T18:37:03-07:00,0,25
style.css,347,css,6773dc3d,abhi-sathvika,2025-04-21,18:37:03,-07:00,2025-04-21T18:37:03-07:00,0,18
style.css,348,css,6773dc3d,abhi-sathvika,2025-04-21,18:37:03,-07:00,2025-04-21T18:37:03-07:00,0,40
style.css,349,css,6773dc3d,abhi-sathvika,2025-04-21,18:37:03,-07:00,2025-04-21T18:37:03-07:00,0,11
style.css,350,css,6773dc3d,abhi-sathvika,2025-04-21,18:37:03,-07:00,2025-04-21T18:37:03-07:00,0,16
style.css,351,css,6773dc3d,abhi-sathvika,2025-04-21,18:37:03,-07:00,2025-04-21T18:37:03-07:00,0,12
style.css,352,css,6773dc3d,abhi-sathvika,2025-04-21,18:37:03,-07:00,2025-04-21T18:37:03-07:00,0,0
style.css,353,css,6773dc3d,abhi-sathvika,2025-04-21,18:37:03,-07:00,2025-04-21T18:37:03-07:00,0,0
style.css,354,css,6773dc3d,abhi-sathvika,2025-04-21,18:37:03,-07:00,2025-04-21T18:37:03-07:00,0,18
style.css,355,css,6773dc3d,abhi-sathvika,2025-04-21,18:37:03,-07:00,2025-04-21T18:37:03-07:00,0,18
style.css,356,css,6773dc3d,abhi-sathvika,2025-04-21,18:37:03,-07:00,2025-04-21T18:37:03-07:00,0,17
style.css,357,css,6773dc3d,abhi-sathvika,2025-04-21,18:37:03,-07:00,2025-04-21T18:37:03-07:00,0,11
style.css,358,css,6773dc3d,abhi-sathvika,2025-04-21,18:37:03,-07:00,2025-04-21T18:37:03-07:00,0,19
style.css,359,css,6773dc3d,abhi-sathvika,2025-04-21,18:37:03,-07:00,2025-04-21T18:37:03-07:00,0,0
style.css,360,css,6773dc3d,abhi-sathvika,2025-04-21,18:37:03,-07:00,2025-04-21T18:37:03-07:00,0,0
style.css,361,css,6773dc3d,abhi-sathvika,2025-04-21,18:37:03,-07:00,2025-04-21T18:37:03-07:00,0,30
style.css,362,css,6773dc3d,abhi-sathvika,2025-04-21,18:37:03,-07:00,2025-04-21T18:37:03-07:00,0,13
style.css,363,css,6773dc3d,abhi-sathvika,2025-04-21,18:37:03,-07:00,2025-04-21T18:37:03-07:00,0,30
style.css,364,css,6773dc3d,abhi-sathvika,2025-04-21,18:37:03,-07:00,2025-04-21T18:37:03-07:00,0,19
style.css,365,css,6773dc3d,abhi-sathvika,2025-04-21,18:37:03,-07:00,2025-04-21T18:37:03-07:00,0,9
style.css,366,css,6773dc3d,abhi-sathvika,2025-04-21,18:37:03,-07:00,2025-04-21T18:37:03-07:00,0,0
style.css,367,css,6773dc3d,abhi-sathvika,2025-04-21,18:37:03,-07:00,2025-04-21T18:37:03-07:00,0,0
style.css,368,css,6773dc3d,abhi-sathvika,2025-04-21,18:37:03,-07:00,2025-04-21T18:37:03-07:00,0,19
style.css,369,css,6773dc3d,abhi-sathvika,2025-04-21,18:37:03,-07:00,2025-04-21T18:37:03-07:00,0,13
style.css,370,css,6773dc3d,abhi-sathvika,2025-04-21,18:37:03,-07:00,2025-04-21T18:37:03-07:00,0,22
style.css,371,css,6773dc3d,abhi-sathvika,2025-04-21,18:37:03,-07:00,2025-04-21T18:37:03-07:00,0,58
style.css,372,css,6773dc3d,abhi-sathvika,2025-04-21,18:37:03,-07:00,2025-04-21T18:37:03-07:00,0,16
style.css,373,css,6773dc3d,abhi-sathvika,2025-04-21,18:37:03,-07:00,2025-04-21T18:37:03-07:00,0,0
style.css,374,css,6773dc3d,abhi-sathvika,2025-04-21,18:37:03,-07:00,2025-04-21T18:37:03-07:00,0,0
style.css,375,css,6773dc3d,abhi-sathvika,2025-04-21,18:37:03,-07:00,2025-04-21T18:37:03-07:00,0,18
style.css,376,css,6773dc3d,abhi-sathvika,2025-04-21,18:37:03,-07:00,2025-04-21T18:37:03-07:00,0,17
style.css,377,css,6773dc3d,abhi-sathvika,2025-04-21,18:37:03,-07:00,2025-04-21T18:37:03-07:00,0,11
style.css,378,css,6773dc3d,abhi-sathvika,2025-04-21,18:37:03,-07:00,2025-04-21T18:37:03-07:00,0,15
style.css,379,css,6773dc3d,abhi-sathvika,2025-04-21,18:37:03,-07:00,2025-04-21T18:37:03-07:00,0,65
style.css,380,css,6773dc3d,abhi-sathvika,2025-04-21,18:37:03,-07:00,2025-04-21T18:37:03-07:00,0,0
style.css,381,css,6773dc3d,abhi-sathvika,2025-04-21,18:37:03,-07:00,2025-04-21T18:37:03-07:00,0,0
style.css,382,css,6773dc3d,abhi-sathvika,2025-04-21,18:37:03,-07:00,2025-04-21T18:37:03-07:00,0,18
style.css,383,css,6773dc3d,abhi-sathvika,2025-04-21,18:37:03,-07:00,2025-04-21T18:37:03-07:00,0,15
style.css,384,css,6773dc3d,abhi-sathvika,2025-04-21,18:37:03,-07:00,2025-04-21T18:37:03-07:00,0,14
style.css,385,css,6773dc3d,abhi-sathvika,2025-04-21,18:37:03,-07:00,2025-04-21T18:37:03-07:00,0,17
style.css,386,css,6773dc3d,abhi-sathvika,2025-04-21,18:37:03,-07:00,2025-04-21T18:37:03-07:00,0,9
style.css,387,css,6773dc3d,abhi-sathvika,2025-04-21,18:37:03,-07:00,2025-04-21T18:37:03-07:00,0,0
style.css,388,css,6773dc3d,abhi-sathvika,2025-04-21,18:37:03,-07:00,2025-04-21T18:37:03-07:00,0,0
style.css,389,css,6773dc3d,abhi-sathvika,2025-04-21,18:37:03,-07:00,2025-04-21T18:37:03-07:00,0,0
index.js,1,js,6773dc3d,abhi-sathvika,2025-04-21,18:37:03,-07:00,2025-04-21T18:37:03-07:00,0,72
index.js,2,js,6773dc3d,abhi-sathvika,2025-04-21,18:37:03,-07:00,2025-04-21T18:37:03-07:00,0,0
index.js,3,js,6773dc3d,abhi-sathvika,2025-04-21,18:37:03,-07:00,2025-04-21T18:37:03-07:00,0,55
index.js,4,js,6773dc3d,abhi-sathvika,2025-04-21,18:37:03,-07:00,2025-04-21T18:37:03-07:00,0,43
index.js,5,js,6773dc3d,abhi-sathvika,2025-04-21,18:37:03,-07:00,2025-04-21T18:37:03-07:00,0,0
index.js,6,js,6773dc3d,abhi-sathvika,2025-04-21,18:37:03,-07:00,2025-04-21T18:37:03-07:00,0,61
index.js,7,js,6773dc3d,abhi-sathvika,2025-04-21,18:37:03,-07:00,2025-04-21T18:37:03-07:00,0,55
index.js,8,js,6773dc3d,abhi-sathvika,2025-04-21,18:37:03,-07:00,2025-04-21T18:37:03-07:00,0,0
index.js,9,js,6773dc3d,abhi-sathvika,2025-04-21,18:37:03,-07:00,2025-04-21T18:37:03-07:00,0,57
index.js,10,js,6773dc3d,abhi-sathvika,2025-04-21,18:37:03,-07:00,2025-04-21T18:37:03-07:00,0,61
index.js,11,js,6773dc3d,abhi-sathvika,2025-04-21,18:37:03,-07:00,2025-04-21T18:37:03-07:00,0,0
index.js,12,js,6773dc3d,abhi-sathvika,2025-04-21,18:37:03,-07:00,2025-04-21T18:37:03-07:00,0,21
index.js,13,js,6773dc3d,abhi-sathvika,2025-04-21,18:37:03,-07:00,2025-04-21T18:37:03-07:00,0,32
index.js,14,js,6773dc3d,abhi-sathvika,2025-04-21,18:37:03,-07:00,2025-04-21T18:37:03-07:00,0,32
index.js,15,js,6773dc3d,abhi-sathvika,2025-04-21,18:37:03,-07:00,2025-04-21T18:37:03-07:00,0,32
index.js,16,js,6773dc3d,abhi-sathvika,2025-04-21,18:37:03,-07:00,2025-04-21T18:37:03-07:00,0,67
index.js,17,js,6773dc3d,abhi-sathvika,2025-04-21,18:37:03,-07:00,2025-04-21T18:37:03-07:00,0,60
index.js,18,js,6773dc3d,abhi-sathvika,2025-04-21,18:37:03,-07:00,2025-04-21T18:37:03-07:00,0,61
index.js,19,js,6773dc3d,abhi-sathvika,2025-04-21,18:37:03,-07:00,2025-04-21T18:37:03-07:00,0,61
index.js,20,js,6773dc3d,abhi-sathvika,2025-04-21,18:37:03,-07:00,2025-04-21T18:37:03-07:00,0,13
index.js,21,js,6773dc3d,abhi-sathvika,2025-04-21,18:37:03,-07:00,2025-04-21T18:37:03-07:00,0,8
index.js,22,js,6773dc3d,abhi-sathvika,2025-04-21,18:37:03,-07:00,2025-04-21T18:37:03-07:00,0,5
index.js,23,js,6773dc3d,abhi-sathvika,2025-04-21,18:37:03,-07:00,2025-04-21T18:37:03-07:00,0,0
index.js,24,js,6773dc3d,abhi-sathvika,2025-04-21,18:37:03,-07:00,2025-04-21T18:37:03-07:00,0,18
index.js,25,js,6773dc3d,abhi-sathvika,2025-04-21,18:37:03,-07:00,2025-04-21T18:37:03-07:00,0,25
index.js,26,js,6773dc3d,abhi-sathvika,2025-04-21,18:37:03,-07:00,2025-04-21T18:37:03-07:00,0,23
index.js,27,js,6773dc3d,abhi-sathvika,2025-04-21,18:37:03,-07:00,2025-04-21T18:37:03-07:00,0,23
index.js,28,js,6773dc3d,abhi-sathvika,2025-04-21,18:37:03,-07:00,2025-04-21T18:37:03-07:00,0,67
index.js,29,js,6773dc3d,abhi-sathvika,2025-04-21,18:37:03,-07:00,2025-04-21T18:37:03-07:00,0,60
index.js,30,js,6773dc3d,abhi-sathvika,2025-04-21,18:37:03,-07:00,2025-04-21T18:37:03-07:00,0,61
index.js,31,js,6773dc3d,abhi-sathvika,2025-04-21,18:37:03,-07:00,2025-04-21T18:37:03-07:00,0,61
index.js,32,js,6773dc3d,abhi-sathvika,2025-04-21,18:37:03,-07:00,2025-04-21T18:37:03-07:00,0,4
index.js,33,js,6773dc3d,abhi-sathvika,2025-04-21,18:37:03,-07:00,2025-04-21T18:37:03-07:00,0,1
index.js,34,js,6773dc3d,abhi-sathvika,2025-04-21,18:37:03,-07:00,2025-04-21T18:37:03-07:00,0,0
index.html,1,html,62a6ba56,abhi-sathvika,2025-04-02,18:59:15,-07:00,2025-04-02T18:59:15-07:00,0,14
index.html,2,html,62a6ba56,abhi-sathvika,2025-04-02,18:59:15,-07:00,2025-04-02T18:59:15-07:00,0,15
index.html,3,html,62a6ba56,abhi-sathvika,2025-04-02,18:59:15,-07:00,2025-04-02T18:59:15-07:00,0,5
index.html,4,html,62a6ba56,abhi-sathvika,2025-04-02,18:59:15,-07:00,2025-04-02T18:59:15-07:00,0,21
index.html,5,html,62a6ba56,abhi-sathvika,2025-04-02,18:59:15,-07:00,2025-04-02T18:59:15-07:00,0,69
index.html,6,html,62a6ba56,abhi-sathvika,2025-04-02,18:59:15,-07:00,2025-04-02T18:59:15-07:00,0,67
index.html,7,html,62a6ba56,abhi-sathvika,2025-04-02,18:59:15,-07:00,2025-04-02T18:59:15-07:00,0,39
index.html,8,html,b962be00,abhi-sathvika,2025-04-14,16:28:10,-07:00,2025-04-14T16:28:10-07:00,0,46
index.html,9,html,6773dc3d,abhi-sathvika,2025-04-21,18:37:03,-07:00,2025-04-21T18:37:03-07:00,0,51
index.html,10,html,62a6ba56,abhi-sathvika,2025-04-02,18:59:15,-07:00,2025-04-02T18:59:15-07:00,0,6
index.html,11,html,62a6ba56,abhi-sathvika,2025-04-02,18:59:15,-07:00,2025-04-02T18:59:15-07:00,0,5
index.html,12,html,b962be00,abhi-sathvika,2025-04-14,16:28:10,-07:00,2025-04-14T16:28:10-07:00,0,9
index.html,13,html,271e408f,abhi-sathvika,2025-04-08,10:07:12,-07:00,2025-04-08T10:07:12-07:00,0,3
index.html,14,html,b962be00,abhi-sathvika,2025-04-14,16:28:10,-07:00,2025-04-14T16:28:10-07:00,0,37
index.html,15,html,271e408f,abhi-sathvika,2025-04-08,10:07:12,-07:00,2025-04-08T10:07:12-07:00,0,50
index.html,16,html,271e408f,abhi-sathvika,2025-04-08,10:07:12,-07:00,2025-04-08T10:07:12-07:00,0,46
index.html,17,html,271e408f,abhi-sathvika,2025-04-08,10:07:12,-07:00,2025-04-08T10:07:12-07:00,0,48
index.html,18,html,271e408f,abhi-sathvika,2025-04-08,10:07:12,-07:00,2025-04-08T10:07:12-07:00,0,77
index.html,19,html,271e408f,abhi-sathvika,2025-04-08,10:07:12,-07:00,2025-04-08T10:07:12-07:00,0,4
index.html,20,html,b962be00,abhi-sathvika,2025-04-14,16:28:10,-07:00,2025-04-14T16:28:10-07:00,0,9
index.html,21,html,271e408f,abhi-sathvika,2025-04-08,10:07:12,-07:00,2025-04-08T10:07:12-07:00,0,0
index.html,22,html,62a6ba56,abhi-sathvika,2025-04-02,18:59:15,-07:00,2025-04-02T18:59:15-07:00,0,32
index.html,23,html,62a6ba56,abhi-sathvika,2025-04-02,18:59:15,-07:00,2025-04-02T18:59:15-07:00,0,180
index.html,24,html,62a6ba56,abhi-sathvika,2025-04-02,18:59:15,-07:00,2025-04-02T18:59:15-07:00,0,0
index.html,25,html,6773dc3d,abhi-sathvika,2025-04-21,18:37:03,-07:00,2025-04-21T18:37:03-07:00,0,29
index.html,26,html,6773dc3d,abhi-sathvika,2025-04-21,18:37:03,-07:00,2025-04-21T18:37:03-07:00,0,3
index.html,27,html,6773dc3d,abhi-sathvika,2025-04-21,18:37:03,-07:00,2025-04-21T18:37:03-07:00,0,3
index.html,28,html,825e71ab,abhi-sathvika,2025-04-02,19:00:46,-07:00,2025-04-02T19:00:46-07:00,0,94
index.html,29,html,62a6ba56,abhi-sathvika,2025-04-02,18:59:15,-07:00,2025-04-02T18:59:15-07:00,0,0
index.html,30,html,62a6ba56,abhi-sathvika,2025-04-02,18:59:15,-07:00,2025-04-02T18:59:15-07:00,0,6
index.html,31,html,62a6ba56,abhi-sathvika,2025-04-02,18:59:15,-07:00,2025-04-02T18:59:15-07:00,0,6
global.js,1,js,b962be00,abhi-sathvika,2025-04-14,16:28:10,-07:00,2025-04-14T16:28:10-07:00,0,26
global.js,2,js,b962be00,abhi-sathvika,2025-04-14,16:28:10,-07:00,2025-04-14T16:28:10-07:00,0,0
global.js,3,js,b962be00,abhi-sathvika,2025-04-14,16:28:10,-07:00,2025-04-14T16:28:10-07:00,0,42
global.js,4,js,b962be00,abhi-sathvika,2025-04-14,16:28:10,-07:00,2025-04-14T16:28:10-07:00,0,53
global.js,5,js,b962be00,abhi-sathvika,2025-04-14,16:28:10,-07:00,2025-04-14T16:28:10-07:00,0,0
global.js,6,js,b962be00,abhi-sathvika,2025-04-14,16:28:10,-07:00,2025-04-14T16:28:10-07:00,0,0
global.js,7,js,b962be00,abhi-sathvika,2025-04-14,16:28:10,-07:00,2025-04-14T16:28:10-07:00,0,8
global.js,8,js,b962be00,abhi-sathvika,2025-04-14,16:28:10,-07:00,2025-04-14T16:28:10-07:00,0,29
global.js,9,js,b962be00,abhi-sathvika,2025-04-14,16:28:10,-07:00,2025-04-14T16:28:10-07:00,0,0
global.js,10,js,b962be00,abhi-sathvika,2025-04-14,16:28:10,-07:00,2025-04-14T16:28:10-07:00,0,34
global.js,11,js,b962be00,abhi-sathvika,2025-04-14,16:28:10,-07:00,2025-04-14T16:28:10-07:00,0,71
global.js,12,js,b962be00,abhi-sathvika,2025-04-14,16:28:10,-07:00,2025-04-14T16:28:10-07:00,0,4
global.js,13,js,b962be00,abhi-sathvika,2025-04-14,16:28:10,-07:00,2025-04-14T16:28:10-07:00,0,0
global.js,14,js,b962be00,abhi-sathvika,2025-04-14,16:28:10,-07:00,2025-04-14T16:28:10-07:00,0,40
global.js,15,js,b962be00,abhi-sathvika,2025-04-14,16:28:10,-07:00,2025-04-14T16:28:10-07:00,0,0
global.js,16,js,b962be00,abhi-sathvika,2025-04-14,16:28:10,-07:00,2025-04-14T16:28:10-07:00,0,0
global.js,17,js,b962be00,abhi-sathvika,2025-04-14,16:28:10,-07:00,2025-04-14T16:28:10-07:00,0,34
global.js,18,js,b962be00,abhi-sathvika,2025-04-14,16:28:10,-07:00,2025-04-14T16:28:10-07:00,0,0
global.js,19,js,b962be00,abhi-sathvika,2025-04-14,16:28:10,-07:00,2025-04-14T16:28:10-07:00,0,89
global.js,20,js,b962be00,abhi-sathvika,2025-04-14,16:28:10,-07:00,2025-04-14T16:28:10-07:00,0,4
global.js,21,js,b962be00,abhi-sathvika,2025-04-14,16:28:10,-07:00,2025-04-14T16:28:10-07:00,0,24
global.js,22,js,b962be00,abhi-sathvika,2025-04-14,16:28:10,-07:00,2025-04-14T16:28:10-07:00,0,0
global.js,23,js,b962be00,abhi-sathvika,2025-04-14,16:28:10,-07:00,2025-04-14T16:28:10-07:00,0,14
global.js,24,js,b962be00,abhi-sathvika,2025-04-14,16:28:10,-07:00,2025-04-14T16:28:10-07:00,0,12
global.js,25,js,b962be00,abhi-sathvika,2025-04-14,16:28:10,-07:00,2025-04-14T16:28:10-07:00,0,26
global.js,26,js,b962be00,abhi-sathvika,2025-04-14,16:28:10,-07:00,2025-04-14T16:28:10-07:00,0,39
global.js,27,js,b962be00,abhi-sathvika,2025-04-14,16:28:10,-07:00,2025-04-14T16:28:10-07:00,0,35
global.js,28,js,b962be00,abhi-sathvika,2025-04-14,16:28:10,-07:00,2025-04-14T16:28:10-07:00,0,37
global.js,29,js,00000000,Not Committed Yet,2025-05-06,08:36:25,-07:00,2025-05-06T08:36:25-07:00,0,31
global.js,30,js,b962be00,abhi-sathvika,2025-04-14,16:28:10,-07:00,2025-04-14T16:28:10-07:00,0,60
global.js,31,js,b962be00,abhi-sathvika,2025-04-14,16:28:10,-07:00,2025-04-14T16:28:10-07:00,0,1
global.js,32,js,b962be00,abhi-sathvika,2025-04-14,16:28:10,-07:00,2025-04-14T16:28:10-07:00,0,0
global.js,33,js,b962be00,abhi-sathvika,2025-04-14,16:28:10,-07:00,2025-04-14T16:28:10-07:00,0,38
global.js,34,js,b962be00,abhi-sathvika,2025-04-14,16:28:10,-07:00,2025-04-14T16:28:10-07:00,0,39
global.js,35,js,b962be00,abhi-sathvika,2025-04-14,16:28:10,-07:00,2025-04-14T16:28:10-07:00,0,26
global.js,36,js,b962be00,abhi-sathvika,2025-04-14,16:28:10,-07:00,2025-04-14T16:28:10-07:00,0,0
global.js,37,js,b962be00,abhi-sathvika,2025-04-14,16:28:10,-07:00,2025-04-14T16:28:10-07:00,0,29
global.js,38,js,b962be00,abhi-sathvika,2025-04-14,16:28:10,-07:00,2025-04-14T16:28:10-07:00,0,21
global.js,39,js,b962be00,abhi-sathvika,2025-04-14,16:28:10,-07:00,2025-04-14T16:28:10-07:00,0,15
global.js,40,js,b962be00,abhi-sathvika,2025-04-14,16:28:10,-07:00,2025-04-14T16:28:10-07:00,0,19
global.js,41,js,b962be00,abhi-sathvika,2025-04-14,16:28:10,-07:00,2025-04-14T16:28:10-07:00,0,0
global.js,42,js,b962be00,abhi-sathvika,2025-04-14,16:28:10,-07:00,2025-04-14T16:28:10-07:00,0,31
global.js,43,js,b962be00,abhi-sathvika,2025-04-14,16:28:10,-07:00,2025-04-14T16:28:10-07:00,0,53
global.js,44,js,b962be00,abhi-sathvika,2025-04-14,16:28:10,-07:00,2025-04-14T16:28:10-07:00,0,0
global.js,45,js,b962be00,abhi-sathvika,2025-04-14,16:28:10,-07:00,2025-04-14T16:28:10-07:00,0,35
global.js,46,js,b962be00,abhi-sathvika,2025-04-14,16:28:10,-07:00,2025-04-14T16:28:10-07:00,0,12
global.js,47,js,b962be00,abhi-sathvika,2025-04-14,16:28:10,-07:00,2025-04-14T16:28:10-07:00,0,21
global.js,48,js,b962be00,abhi-sathvika,2025-04-14,16:28:10,-07:00,2025-04-14T16:28:10-07:00,0,0
global.js,49,js,b962be00,abhi-sathvika,2025-04-14,16:28:10,-07:00,2025-04-14T16:28:10-07:00,0,24
global.js,50,js,b962be00,abhi-sathvika,2025-04-14,16:28:10,-07:00,2025-04-14T16:28:10-07:00,0,18
global.js,51,js,b962be00,abhi-sathvika,2025-04-14,16:28:10,-07:00,2025-04-14T16:28:10-07:00,0,9
global.js,52,js,b962be00,abhi-sathvika,2025-04-14,16:28:10,-07:00,2025-04-14T16:28:10-07:00,0,60
global.js,53,js,b962be00,abhi-sathvika,2025-04-14,16:28:10,-07:00,2025-04-14T16:28:10-07:00,0,1
global.js,54,js,b962be00,abhi-sathvika,2025-04-14,16:28:10,-07:00,2025-04-14T16:28:10-07:00,0,0
global.js,55,js,b962be00,abhi-sathvika,2025-04-14,16:28:10,-07:00,2025-04-14T16:28:10-07:00,0,32
global.js,56,js,b962be00,abhi-sathvika,2025-04-14,16:28:10,-07:00,2025-04-14T16:28:10-07:00,0,56
global.js,57,js,b962be00,abhi-sathvika,2025-04-14,16:28:10,-07:00,2025-04-14T16:28:10-07:00,0,0
global.js,58,js,b962be00,abhi-sathvika,2025-04-14,16:28:10,-07:00,2025-04-14T16:28:10-07:00,0,13
global.js,59,js,b962be00,abhi-sathvika,2025-04-14,16:28:10,-07:00,2025-04-14T16:28:10-07:00,0,0
global.js,60,js,b962be00,abhi-sathvika,2025-04-14,16:28:10,-07:00,2025-04-14T16:28:10-07:00,0,0
global.js,61,js,b962be00,abhi-sathvika,2025-04-14,16:28:10,-07:00,2025-04-14T16:28:10-07:00,0,0
global.js,62,js,b962be00,abhi-sathvika,2025-04-14,16:28:10,-07:00,2025-04-14T16:28:10-07:00,0,27
global.js,63,js,b962be00,abhi-sathvika,2025-04-14,16:28:10,-07:00,2025-04-14T16:28:10-07:00,0,0
global.js,64,js,b962be00,abhi-sathvika,2025-04-14,16:28:10,-07:00,2025-04-14T16:28:10-07:00,0,52
global.js,65,js,b962be00,abhi-sathvika,2025-04-14,16:28:10,-07:00,2025-04-14T16:28:10-07:00,0,50
global.js,66,js,b962be00,abhi-sathvika,2025-04-14,16:28:10,-07:00,2025-04-14T16:28:10-07:00,0,32
global.js,67,js,b962be00,abhi-sathvika,2025-04-14,16:28:10,-07:00,2025-04-14T16:28:10-07:00,0,12
global.js,68,js,b962be00,abhi-sathvika,2025-04-14,16:28:10,-07:00,2025-04-14T16:28:10-07:00,0,0
global.js,69,js,b962be00,abhi-sathvika,2025-04-14,16:28:10,-07:00,2025-04-14T16:28:10-07:00,0,27
global.js,70,js,b962be00,abhi-sathvika,2025-04-14,16:28:10,-07:00,2025-04-14T16:28:10-07:00,0,5
global.js,71,js,b962be00,abhi-sathvika,2025-04-14,16:28:10,-07:00,2025-04-14T16:28:10-07:00,0,25
global.js,72,js,b962be00,abhi-sathvika,2025-04-14,16:28:10,-07:00,2025-04-14T16:28:10-07:00,0,44
global.js,73,js,b962be00,abhi-sathvika,2025-04-14,16:28:10,-07:00,2025-04-14T16:28:10-07:00,0,35
global.js,74,js,b962be00,abhi-sathvika,2025-04-14,16:28:10,-07:00,2025-04-14T16:28:10-07:00,0,33
global.js,75,js,b962be00,abhi-sathvika,2025-04-14,16:28:10,-07:00,2025-04-14T16:28:10-07:00,0,8
global.js,76,js,b962be00,abhi-sathvika,2025-04-14,16:28:10,-07:00,2025-04-14T16:28:10-07:00,0,7
global.js,77,js,b962be00,abhi-sathvika,2025-04-14,16:28:10,-07:00,2025-04-14T16:28:10-07:00,0,0
global.js,78,js,b962be00,abhi-sathvika,2025-04-14,16:28:10,-07:00,2025-04-14T16:28:10-07:00,0,1
global.js,79,js,b962be00,abhi-sathvika,2025-04-14,16:28:10,-07:00,2025-04-14T16:28:10-07:00,0,0
global.js,80,js,b962be00,abhi-sathvika,2025-04-14,16:28:10,-07:00,2025-04-14T16:28:10-07:00,0,59
global.js,81,js,b962be00,abhi-sathvika,2025-04-14,16:28:10,-07:00,2025-04-14T16:28:10-07:00,0,37
global.js,82,js,b962be00,abhi-sathvika,2025-04-14,16:28:10,-07:00,2025-04-14T16:28:10-07:00,0,0
global.js,83,js,b962be00,abhi-sathvika,2025-04-14,16:28:10,-07:00,2025-04-14T16:28:10-07:00,0,47
global.js,84,js,b962be00,abhi-sathvika,2025-04-14,16:28:10,-07:00,2025-04-14T16:28:10-07:00,0,51
global.js,85,js,b962be00,abhi-sathvika,2025-04-14,16:28:10,-07:00,2025-04-14T16:28:10-07:00,0,12
global.js,86,js,b962be00,abhi-sathvika,2025-04-14,16:28:10,-07:00,2025-04-14T16:28:10-07:00,0,31
global.js,87,js,b962be00,abhi-sathvika,2025-04-14,16:28:10,-07:00,2025-04-14T16:28:10-07:00,0,26
global.js,88,js,b962be00,abhi-sathvika,2025-04-14,16:28:10,-07:00,2025-04-14T16:28:10-07:00,0,0
global.js,89,js,b962be00,abhi-sathvika,2025-04-14,16:28:10,-07:00,2025-04-14T16:28:10-07:00,0,0
global.js,90,js,b962be00,abhi-sathvika,2025-04-14,16:28:10,-07:00,2025-04-14T16:28:10-07:00,0,39
global.js,91,js,b962be00,abhi-sathvika,2025-04-14,16:28:10,-07:00,2025-04-14T16:28:10-07:00,0,45
global.js,92,js,b962be00,abhi-sathvika,2025-04-14,16:28:10,-07:00,2025-04-14T16:28:10-07:00,0,34
global.js,93,js,b962be00,abhi-sathvika,2025-04-14,16:28:10,-07:00,2025-04-14T16:28:10-07:00,0,33
global.js,94,js,b962be00,abhi-sathvika,2025-04-14,16:28:10,-07:00,2025-04-14T16:28:10-07:00,0,46
global.js,95,js,b962be00,abhi-sathvika,2025-04-14,16:28:10,-07:00,2025-04-14T16:28:10-07:00,0,2
global.js,96,js,b962be00,abhi-sathvika,2025-04-14,16:28:10,-07:00,2025-04-14T16:28:10-07:00,0,2
global.js,97,js,b962be00,abhi-sathvika,2025-04-14,16:28:10,-07:00,2025-04-14T16:28:10-07:00,0,0
global.js,98,js,b962be00,abhi-sathvika,2025-04-14,16:28:10,-07:00,2025-04-14T16:28:10-07:00,0,0
global.js,99,js,b962be00,abhi-sathvika,2025-04-14,16:28:10,-07:00,2025-04-14T16:28:10-07:00,0,21
global.js,100,js,b962be00,abhi-sathvika,2025-04-14,16:28:10,-07:00,2025-04-14T16:28:10-07:00,0,0
global.js,101,js,b962be00,abhi-sathvika,2025-04-14,16:28:10,-07:00,2025-04-14T16:28:10-07:00,0,52
global.js,102,js,b962be00,abhi-sathvika,2025-04-14,16:28:10,-07:00,2025-04-14T16:28:10-07:00,0,0
global.js,103,js,b962be00,abhi-sathvika,2025-04-14,16:28:10,-07:00,2025-04-14T16:28:10-07:00,0,46
global.js,104,js,b962be00,abhi-sathvika,2025-04-14,16:28:10,-07:00,2025-04-14T16:28:10-07:00,0,44
global.js,105,js,b962be00,abhi-sathvika,2025-04-14,16:28:10,-07:00,2025-04-14T16:28:10-07:00,0,0
global.js,106,js,b962be00,abhi-sathvika,2025-04-14,16:28:10,-07:00,2025-04-14T16:28:10-07:00,0,31
global.js,107,js,b962be00,abhi-sathvika,2025-04-14,16:28:10,-07:00,2025-04-14T16:28:10-07:00,0,17
global.js,108,js,b962be00,abhi-sathvika,2025-04-14,16:28:10,-07:00,2025-04-14T16:28:10-07:00,0,0
global.js,109,js,b962be00,abhi-sathvika,2025-04-14,16:28:10,-07:00,2025-04-14T16:28:10-07:00,0,32
global.js,110,js,b962be00,abhi-sathvika,2025-04-14,16:28:10,-07:00,2025-04-14T16:28:10-07:00,0,74
global.js,111,js,b962be00,abhi-sathvika,2025-04-14,16:28:10,-07:00,2025-04-14T16:28:10-07:00,0,20
global.js,112,js,b962be00,abhi-sathvika,2025-04-14,16:28:10,-07:00,2025-04-14T16:28:10-07:00,0,0
global.js,113,js,b962be00,abhi-sathvika,2025-04-14,16:28:10,-07:00,2025-04-14T16:28:10-07:00,0,0
global.js,114,js,b962be00,abhi-sathvika,2025-04-14,16:28:10,-07:00,2025-04-14T16:28:10-07:00,0,36
global.js,115,js,b962be00,abhi-sathvika,2025-04-14,16:28:10,-07:00,2025-04-14T16:28:10-07:00,0,43
global.js,116,js,b962be00,abhi-sathvika,2025-04-14,16:28:10,-07:00,2025-04-14T16:28:10-07:00,0,0
global.js,117,js,b962be00,abhi-sathvika,2025-04-14,16:28:10,-07:00,2025-04-14T16:28:10-07:00,0,55
global.js,118,js,b962be00,abhi-sathvika,2025-04-14,16:28:10,-07:00,2025-04-14T16:28:10-07:00,0,19
global.js,119,js,6773dc3d,abhi-sathvika,2025-04-21,18:37:03,-07:00,2025-04-21T18:37:03-07:00,0,2
global.js,120,js,6773dc3d,abhi-sathvika,2025-04-21,18:37:03,-07:00,2025-04-21T18:37:03-07:00,0,0
global.js,121,js,6773dc3d,abhi-sathvika,2025-04-21,18:37:03,-07:00,2025-04-21T18:37:03-07:00,0,0
global.js,122,js,6773dc3d,abhi-sathvika,2025-04-21,18:37:03,-07:00,2025-04-21T18:37:03-07:00,0,14
global.js,123,js,6773dc3d,abhi-sathvika,2025-04-21,18:37:03,-07:00,2025-04-21T18:37:03-07:00,0,37
global.js,124,js,6773dc3d,abhi-sathvika,2025-04-21,18:37:03,-07:00,2025-04-21T18:37:03-07:00,0,4
global.js,125,js,6773dc3d,abhi-sathvika,2025-04-21,18:37:03,-07:00,2025-04-21T18:37:03-07:00,0,33
global.js,126,js,6773dc3d,abhi-sathvika,2025-04-21,18:37:03,-07:00,2025-04-21T18:37:03-07:00,0,18
global.js,127,js,6773dc3d,abhi-sathvika,2025-04-21,18:37:03,-07:00,2025-04-21T18:37:03-07:00,0,67
global.js,128,js,6773dc3d,abhi-sathvika,2025-04-21,18:37:03,-07:00,2025-04-21T18:37:03-07:00,0,0
global.js,129,js,6773dc3d,abhi-sathvika,2025-04-21,18:37:03,-07:00,2025-04-21T18:37:03-07:00,0,34
global.js,130,js,6773dc3d,abhi-sathvika,2025-04-21,18:37:03,-07:00,2025-04-21T18:37:03-07:00,0,11
global.js,131,js,6773dc3d,abhi-sathvika,2025-04-21,18:37:03,-07:00,2025-04-21T18:37:03-07:00,0,16
global.js,132,js,6773dc3d,abhi-sathvika,2025-04-21,18:37:03,-07:00,2025-04-21T18:37:03-07:00,0,60
global.js,133,js,6773dc3d,abhi-sathvika,2025-04-21,18:37:03,-07:00,2025-04-21T18:37:03-07:00,0,0
global.js,134,js,6773dc3d,abhi-sathvika,2025-04-21,18:37:03,-07:00,2025-04-21T18:37:03-07:00,0,0
global.js,135,js,6773dc3d,abhi-sathvika,2025-04-21,18:37:03,-07:00,2025-04-21T18:37:03-07:00,0,0
global.js,136,js,6773dc3d,abhi-sathvika,2025-04-21,18:37:03,-07:00,2025-04-21T18:37:03-07:00,0,0
global.js,137,js,6773dc3d,abhi-sathvika,2025-04-21,18:37:03,-07:00,2025-04-21T18:37:03-07:00,0,0
global.js,138,js,6773dc3d,abhi-sathvika,2025-04-21,18:37:03,-07:00,2025-04-21T18:37:03-07:00,0,80
global.js,139,js,6773dc3d,abhi-sathvika,2025-04-21,18:37:03,-07:00,2025-04-21T18:37:03-07:00,0,30
global.js,140,js,6773dc3d,abhi-sathvika,2025-04-21,18:37:03,-07:00,2025-04-21T18:37:03-07:00,0,37
global.js,141,js,6773dc3d,abhi-sathvika,2025-04-21,18:37:03,-07:00,2025-04-21T18:37:03-07:00,0,6
global.js,142,js,6773dc3d,abhi-sathvika,2025-04-21,18:37:03,-07:00,2025-04-21T18:37:03-07:00,0,0
global.js,143,js,6773dc3d,abhi-sathvika,2025-04-21,18:37:03,-07:00,2025-04-21T18:37:03-07:00,0,0
global.js,144,js,6773dc3d,abhi-sathvika,2025-04-21,18:37:03,-07:00,2025-04-21T18:37:03-07:00,0,23
global.js,145,js,6773dc3d,abhi-sathvika,2025-04-21,18:37:03,-07:00,2025-04-21T18:37:03-07:00,0,42
global.js,146,js,6773dc3d,abhi-sathvika,2025-04-21,18:37:03,-07:00,2025-04-21T18:37:03-07:00,0,6
global.js,147,js,6773dc3d,abhi-sathvika,2025-04-21,18:37:03,-07:00,2025-04-21T18:37:03-07:00,0,0
global.js,148,js,6773dc3d,abhi-sathvika,2025-04-21,18:37:03,-07:00,2025-04-21T18:37:03-07:00,0,0
global.js,149,js,6773dc3d,abhi-sathvika,2025-04-21,18:37:03,-07:00,2025-04-21T18:37:03-07:00,0,31
global.js,150,js,6773dc3d,abhi-sathvika,2025-04-21,18:37:03,-07:00,2025-04-21T18:37:03-07:00,0,0
global.js,151,js,6773dc3d,abhi-sathvika,2025-04-21,18:37:03,-07:00,2025-04-21T18:37:03-07:00,0,27
global.js,152,js,6773dc3d,abhi-sathvika,2025-04-21,18:37:03,-07:00,2025-04-21T18:37:03-07:00,0,56
global.js,153,js,6773dc3d,abhi-sathvika,2025-04-21,18:37:03,-07:00,2025-04-21T18:37:03-07:00,0,6
global.js,154,js,6773dc3d,abhi-sathvika,2025-04-21,18:37:03,-07:00,2025-04-21T18:37:03-07:00,0,0
global.js,155,js,6773dc3d,abhi-sathvika,2025-04-21,18:37:03,-07:00,2025-04-21T18:37:03-07:00,0,0
global.js,156,js,6773dc3d,abhi-sathvika,2025-04-21,18:37:03,-07:00,2025-04-21T18:37:03-07:00,0,32
global.js,157,js,6773dc3d,abhi-sathvika,2025-04-21,18:37:03,-07:00,2025-04-21T18:37:03-07:00,0,49
global.js,158,js,6773dc3d,abhi-sathvika,2025-04-21,18:37:03,-07:00,2025-04-21T18:37:03-07:00,0,20
global.js,159,js,58edcd82,abhi-sathvika,2025-04-29,16:36:07,-07:00,2025-04-29T16:36:07-07:00,0,50
global.js,160,js,6773dc3d,abhi-sathvika,2025-04-21,18:37:03,-07:00,2025-04-21T18:37:03-07:00,0,50
global.js,161,js,58edcd82,abhi-sathvika,2025-04-29,16:36:07,-07:00,2025-04-29T16:36:07-07:00,0,25
global.js,162,js,58edcd82,abhi-sathvika,2025-04-29,16:36:07,-07:00,2025-04-29T16:36:07-07:00,0,28
global.js,163,js,58edcd82,abhi-sathvika,2025-04-29,16:36:07,-07:00,2025-04-29T16:36:07-07:00,0,34
global.js,164,js,58edcd82,abhi-sathvika,2025-04-29,16:36:07,-07:00,2025-04-29T16:36:07-07:00,0,5
global.js,165,js,6773dc3d,abhi-sathvika,2025-04-21,18:37:03,-07:00,2025-04-21T18:37:03-07:00,0,1
global.js,166,js,6773dc3d,abhi-sathvika,2025-04-21,18:37:03,-07:00,2025-04-21T18:37:03-07:00,0,37
global.js,167,js,6773dc3d,abhi-sathvika,2025-04-21,18:37:03,-07:00,2025-04-21T18:37:03-07:00,0,0
global.js,168,js,6773dc3d,abhi-sathvika,2025-04-21,18:37:03,-07:00,2025-04-21T18:37:03-07:00,0,0
global.js,169,js,6773dc3d,abhi-sathvika,2025-04-21,18:37:03,-07:00,2025-04-21T18:37:03-07:00,0,0
global.js,170,js,6773dc3d,abhi-sathvika,2025-04-21,18:37:03,-07:00,2025-04-21T18:37:03-07:00,0,52
global.js,171,js,6773dc3d,abhi-sathvika,2025-04-21,18:37:03,-07:00,2025-04-21T18:37:03-07:00,0,0
global.js,172,js,6773dc3d,abhi-sathvika,2025-04-21,18:37:03,-07:00,2025-04-21T18:37:03-07:00,0,0
global.js,173,js,6773dc3d,abhi-sathvika,2025-04-21,18:37:03,-07:00,2025-04-21T18:37:03-07:00,0,14
global.js,174,js,6773dc3d,abhi-sathvika,2025-04-21,18:37:03,-07:00,2025-04-21T18:37:03-07:00,0,0
global.js,175,js,6773dc3d,abhi-sathvika,2025-04-21,18:37:03,-07:00,2025-04-21T18:37:03-07:00,0,48
global.js,176,js,6773dc3d,abhi-sathvika,2025-04-21,18:37:03,-07:00,2025-04-21T18:37:03-07:00,0,60
global.js,177,js,6773dc3d,abhi-sathvika,2025-04-21,18:37:03,-07:00,2025-04-21T18:37:03-07:00,0,0
resume\index.html,1,html,7bb971a5,abhi-sathvika,2025-04-02,19:39:46,-07:00,2025-04-02T19:39:46-07:00,0,14
resume\index.html,2,html,7bb971a5,abhi-sathvika,2025-04-02,19:39:46,-07:00,2025-04-02T19:39:46-07:00,0,15
resume\index.html,3,html,7bb971a5,abhi-sathvika,2025-04-02,19:39:46,-07:00,2025-04-02T19:39:46-07:00,0,5
resume\index.html,4,html,7bb971a5,abhi-sathvika,2025-04-02,19:39:46,-07:00,2025-04-02T19:39:46-07:00,0,21
resume\index.html,5,html,7bb971a5,abhi-sathvika,2025-04-02,19:39:46,-07:00,2025-04-02T19:39:46-07:00,0,69
resume\index.html,6,html,7bb971a5,abhi-sathvika,2025-04-02,19:39:46,-07:00,2025-04-02T19:39:46-07:00,0,20
resume\index.html,7,html,271e408f,abhi-sathvika,2025-04-08,10:07:12,-07:00,2025-04-08T10:07:12-07:00,0,42
resume\index.html,8,html,b962be00,abhi-sathvika,2025-04-14,16:28:10,-07:00,2025-04-14T16:28:10-07:00,0,49
resume\index.html,9,html,7bb971a5,abhi-sathvika,2025-04-02,19:39:46,-07:00,2025-04-02T19:39:46-07:00,0,6
resume\index.html,10,html,b962be00,abhi-sathvika,2025-04-14,16:28:10,-07:00,2025-04-14T16:28:10-07:00,0,5
resume\index.html,11,html,271e408f,abhi-sathvika,2025-04-08,10:07:12,-07:00,2025-04-08T10:07:12-07:00,0,0
resume\index.html,12,html,7bb971a5,abhi-sathvika,2025-04-02,19:39:46,-07:00,2025-04-02T19:39:46-07:00,0,14
resume\index.html,13,html,7bb971a5,abhi-sathvika,2025-04-02,19:39:46,-07:00,2025-04-02T19:39:46-07:00,0,0
resume\index.html,14,html,7bb971a5,abhi-sathvika,2025-04-02,19:39:46,-07:00,2025-04-02T19:39:46-07:00,0,8
resume\index.html,15,html,7bb971a5,abhi-sathvika,2025-04-02,19:39:46,-07:00,2025-04-02T19:39:46-07:00,0,17
resume\index.html,16,html,7bb971a5,abhi-sathvika,2025-04-02,19:39:46,-07:00,2025-04-02T19:39:46-07:00,0,58
resume\index.html,17,html,7bb971a5,abhi-sathvika,2025-04-02,19:39:46,-07:00,2025-04-02T19:39:46-07:00,0,38
resume\index.html,18,html,7bb971a5,abhi-sathvika,2025-04-02,19:39:46,-07:00,2025-04-02T19:39:46-07:00,0,0
resume\index.html,19,html,7bb971a5,abhi-sathvika,2025-04-02,19:39:46,-07:00,2025-04-02T19:39:46-07:00,0,33
resume\index.html,20,html,7bb971a5,abhi-sathvika,2025-04-02,19:39:46,-07:00,2025-04-02T19:39:46-07:00,0,93
resume\index.html,21,html,7bb971a5,abhi-sathvika,2025-04-02,19:39:46,-07:00,2025-04-02T19:39:46-07:00,0,0
resume\index.html,22,html,7bb971a5,abhi-sathvika,2025-04-02,19:39:46,-07:00,2025-04-02T19:39:46-07:00,0,9
resume\index.html,23,html,7bb971a5,abhi-sathvika,2025-04-02,19:39:46,-07:00,2025-04-02T19:39:46-07:00,0,0
resume\index.html,24,html,7bb971a5,abhi-sathvika,2025-04-02,19:39:46,-07:00,2025-04-02T19:39:46-07:00,0,8
resume\index.html,25,html,7bb971a5,abhi-sathvika,2025-04-02,19:39:46,-07:00,2025-04-02T19:39:46-07:00,0,18
resume\index.html,26,html,7bb971a5,abhi-sathvika,2025-04-02,19:39:46,-07:00,2025-04-02T19:39:46-07:00,0,8
resume\index.html,27,html,7bb971a5,abhi-sathvika,2025-04-02,19:39:46,-07:00,2025-04-02T19:39:46-07:00,0,36
resume\index.html,28,html,7bb971a5,abhi-sathvika,2025-04-02,19:39:46,-07:00,2025-04-02T19:39:46-07:00,0,34
resume\index.html,29,html,271e408f,abhi-sathvika,2025-04-08,10:07:12,-07:00,2025-04-08T10:07:12-07:00,0,3
resume\index.html,30,html,271e408f,abhi-sathvika,2025-04-08,10:07:12,-07:00,2025-04-08T10:07:12-07:00,0,29
resume\index.html,31,html,271e408f,abhi-sathvika,2025-04-08,10:07:12,-07:00,2025-04-08T10:07:12-07:00,0,61
resume\index.html,32,html,271e408f,abhi-sathvika,2025-04-08,10:07:12,-07:00,2025-04-08T10:07:12-07:00,0,77
resume\index.html,33,html,271e408f,abhi-sathvika,2025-04-08,10:07:12,-07:00,2025-04-08T10:07:12-07:00,0,4
resume\index.html,34,html,271e408f,abhi-sathvika,2025-04-08,10:07:12,-07:00,2025-04-08T10:07:12-07:00,0,0
resume\index.html,35,html,7bb971a5,abhi-sathvika,2025-04-02,19:39:46,-07:00,2025-04-02T19:39:46-07:00,0,9
resume\index.html,36,html,7bb971a5,abhi-sathvika,2025-04-02,19:39:46,-07:00,2025-04-02T19:39:46-07:00,0,8
resume\index.html,37,html,7bb971a5,abhi-sathvika,2025-04-02,19:39:46,-07:00,2025-04-02T19:39:46-07:00,0,48
resume\index.html,38,html,7bb971a5,abhi-sathvika,2025-04-02,19:39:46,-07:00,2025-04-02T19:39:46-07:00,0,38
resume\index.html,39,html,271e408f,abhi-sathvika,2025-04-08,10:07:12,-07:00,2025-04-08T10:07:12-07:00,0,3
resume\index.html,40,html,271e408f,abhi-sathvika,2025-04-08,10:07:12,-07:00,2025-04-08T10:07:12-07:00,0,37
resume\index.html,41,html,271e408f,abhi-sathvika,2025-04-08,10:07:12,-07:00,2025-04-08T10:07:12-07:00,0,54
resume\index.html,42,html,271e408f,abhi-sathvika,2025-04-08,10:07:12,-07:00,2025-04-08T10:07:12-07:00,0,76
resume\index.html,43,html,271e408f,abhi-sathvika,2025-04-08,10:07:12,-07:00,2025-04-08T10:07:12-07:00,0,4
resume\index.html,44,html,7bb971a5,abhi-sathvika,2025-04-02,19:39:46,-07:00,2025-04-02T19:39:46-07:00,0,9
resume\index.html,45,html,7bb971a5,abhi-sathvika,2025-04-02,19:39:46,-07:00,2025-04-02T19:39:46-07:00,0,8
resume\index.html,46,html,7bb971a5,abhi-sathvika,2025-04-02,19:39:46,-07:00,2025-04-02T19:39:46-07:00,0,45
resume\index.html,47,html,7bb971a5,abhi-sathvika,2025-04-02,19:39:46,-07:00,2025-04-02T19:39:46-07:00,0,34
resume\index.html,48,html,271e408f,abhi-sathvika,2025-04-08,10:07:12,-07:00,2025-04-08T10:07:12-07:00,0,3
resume\index.html,49,html,271e408f,abhi-sathvika,2025-04-08,10:07:12,-07:00,2025-04-08T10:07:12-07:00,0,23
resume\index.html,50,html,271e408f,abhi-sathvika,2025-04-08,10:07:12,-07:00,2025-04-08T10:07:12-07:00,0,49
resume\index.html,51,html,271e408f,abhi-sathvika,2025-04-08,10:07:12,-07:00,2025-04-08T10:07:12-07:00,0,57
resume\index.html,52,html,271e408f,abhi-sathvika,2025-04-08,10:07:12,-07:00,2025-04-08T10:07:12-07:00,0,4
resume\index.html,53,html,7bb971a5,abhi-sathvika,2025-04-02,19:39:46,-07:00,2025-04-02T19:39:46-07:00,0,9
resume\index.html,54,html,7bb971a5,abhi-sathvika,2025-04-02,19:39:46,-07:00,2025-04-02T19:39:46-07:00,0,9
resume\index.html,55,html,7bb971a5,abhi-sathvika,2025-04-02,19:39:46,-07:00,2025-04-02T19:39:46-07:00,0,8
resume\index.html,56,html,7bb971a5,abhi-sathvika,2025-04-02,19:39:46,-07:00,2025-04-02T19:39:46-07:00,0,14
resume\index.html,57,html,7bb971a5,abhi-sathvika,2025-04-02,19:39:46,-07:00,2025-04-02T19:39:46-07:00,0,3
resume\index.html,58,html,7bb971a5,abhi-sathvika,2025-04-02,19:39:46,-07:00,2025-04-02T19:39:46-07:00,0,47
resume\index.html,59,html,7bb971a5,abhi-sathvika,2025-04-02,19:39:46,-07:00,2025-04-02T19:39:46-07:00,0,61
resume\index.html,60,html,7bb971a5,abhi-sathvika,2025-04-02,19:39:46,-07:00,2025-04-02T19:39:46-07:00,0,35
resume\index.html,61,html,7bb971a5,abhi-sathvika,2025-04-02,19:39:46,-07:00,2025-04-02T19:39:46-07:00,0,4
resume\index.html,62,html,7bb971a5,abhi-sathvika,2025-04-02,19:39:46,-07:00,2025-04-02T19:39:46-07:00,0,9
resume\index.html,63,html,7bb971a5,abhi-sathvika,2025-04-02,19:39:46,-07:00,2025-04-02T19:39:46-07:00,0,0
resume\index.html,64,html,b962be00,abhi-sathvika,2025-04-14,16:28:10,-07:00,2025-04-14T16:28:10-07:00,0,7
resume\index.html,65,html,b962be00,abhi-sathvika,2025-04-14,16:28:10,-07:00,2025-04-14T16:28:10-07:00,0,78
resume\index.html,66,html,b962be00,abhi-sathvika,2025-04-14,16:28:10,-07:00,2025-04-14T16:28:10-07:00,0,45
resume\index.html,67,html,b962be00,abhi-sathvika,2025-04-14,16:28:10,-07:00,2025-04-14T16:28:10-07:00,0,78
resume\index.html,68,html,b962be00,abhi-sathvika,2025-04-14,16:28:10,-07:00,2025-04-14T16:28:10-07:00,0,0
resume\index.html,69,html,b962be00,abhi-sathvika,2025-04-14,16:28:10,-07:00,2025-04-14T16:28:10-07:00,0,29
resume\index.html,70,html,b962be00,abhi-sathvika,2025-04-14,16:28:10,-07:00,2025-04-14T16:28:10-07:00,0,62
resume\index.html,71,html,b962be00,abhi-sathvika,2025-04-14,16:28:10,-07:00,2025-04-14T16:28:10-07:00,0,0
resume\index.html,72,html,b962be00,abhi-sathvika,2025-04-14,16:28:10,-07:00,2025-04-14T16:28:10-07:00,0,59
resume\index.html,73,html,b962be00,abhi-sathvika,2025-04-14,16:28:10,-07:00,2025-04-14T16:28:10-07:00,0,56
resume\index.html,74,html,b962be00,abhi-sathvika,2025-04-14,16:28:10,-07:00,2025-04-14T16:28:10-07:00,0,72
resume\index.html,75,html,b962be00,abhi-sathvika,2025-04-14,16:28:10,-07:00,2025-04-14T16:28:10-07:00,0,36
resume\index.html,76,html,b962be00,abhi-sathvika,2025-04-14,16:28:10,-07:00,2025-04-14T16:28:10-07:00,0,44
resume\index.html,77,html,b962be00,abhi-sathvika,2025-04-14,16:28:10,-07:00,2025-04-14T16:28:10-07:00,0,70
resume\index.html,78,html,b962be00,abhi-sathvika,2025-04-14,16:28:10,-07:00,2025-04-14T16:28:10-07:00,0,2
resume\index.html,79,html,b962be00,abhi-sathvika,2025-04-14,16:28:10,-07:00,2025-04-14T16:28:10-07:00,0,8
resume\index.html,80,html,b962be00,abhi-sathvika,2025-04-14,16:28:10,-07:00,2025-04-14T16:28:10-07:00,0,0
resume\index.html,81,html,7bb971a5,abhi-sathvika,2025-04-02,19:39:46,-07:00,2025-04-02T19:39:46-07:00,0,6
resume\index.html,82,html,7bb971a5,abhi-sathvika,2025-04-02,19:39:46,-07:00,2025-04-02T19:39:46-07:00,0,6
projects\projects.js,1,js,6773dc3d,abhi-sathvika,2025-04-21,18:37:03,-07:00,2025-04-21T18:37:03-07:00,0,56
projects\projects.js,2,js,58edcd82,abhi-sathvika,2025-04-29,16:36:07,-07:00,2025-04-29T16:36:07-07:00,0,64
projects\projects.js,3,js,58edcd82,abhi-sathvika,2025-04-29,16:36:07,-07:00,2025-04-29T16:36:07-07:00,0,0
projects\projects.js,4,js,58edcd82,abhi-sathvika,2025-04-29,16:36:07,-07:00,2025-04-29T16:36:07-07:00,0,22
projects\projects.js,5,js,58edcd82,abhi-sathvika,2025-04-29,16:36:07,-07:00,2025-04-29T16:36:07-07:00,0,20
projects\projects.js,6,js,6773dc3d,abhi-sathvika,2025-04-21,18:37:03,-07:00,2025-04-21T18:37:03-07:00,0,0
projects\projects.js,7,js,6773dc3d,abhi-sathvika,2025-04-21,18:37:03,-07:00,2025-04-21T18:37:03-07:00,0,56
projects\projects.js,8,js,6773dc3d,abhi-sathvika,2025-04-21,18:37:03,-07:00,2025-04-21T18:37:03-07:00,0,61
projects\projects.js,9,js,58edcd82,abhi-sathvika,2025-04-29,16:36:07,-07:00,2025-04-29T16:36:07-07:00,0,63
projects\projects.js,10,js,58edcd82,abhi-sathvika,2025-04-29,16:36:07,-07:00,2025-04-29T16:36:07-07:00,0,0
projects\projects.js,11,js,58edcd82,abhi-sathvika,2025-04-29,16:36:07,-07:00,2025-04-29T16:36:07-07:00,0,56
projects\projects.js,12,js,58edcd82,abhi-sathvika,2025-04-29,16:36:07,-07:00,2025-04-29T16:36:07-07:00,0,46
projects\projects.js,13,js,58edcd82,abhi-sathvika,2025-04-29,16:36:07,-07:00,2025-04-29T16:36:07-07:00,0,35
projects\projects.js,14,js,58edcd82,abhi-sathvika,2025-04-29,16:36:07,-07:00,2025-04-29T16:36:07-07:00,0,47
projects\projects.js,15,js,58edcd82,abhi-sathvika,2025-04-29,16:36:07,-07:00,2025-04-29T16:36:07-07:00,0,17
projects\projects.js,16,js,58edcd82,abhi-sathvika,2025-04-29,16:36:07,-07:00,2025-04-29T16:36:07-07:00,0,0
projects\projects.js,17,js,58edcd82,abhi-sathvika,2025-04-29,16:36:07,-07:00,2025-04-29T16:36:07-07:00,0,53
projects\projects.js,18,js,58edcd82,abhi-sathvika,2025-04-29,16:36:07,-07:00,2025-04-29T16:36:07-07:00,0,31
projects\projects.js,19,js,58edcd82,abhi-sathvika,2025-04-29,16:36:07,-07:00,2025-04-29T16:36:07-07:00,0,23
projects\projects.js,20,js,58edcd82,abhi-sathvika,2025-04-29,16:36:07,-07:00,2025-04-29T16:36:07-07:00,0,0
projects\projects.js,21,js,58edcd82,abhi-sathvika,2025-04-29,16:36:07,-07:00,2025-04-29T16:36:07-07:00,0,17
projects\projects.js,22,js,58edcd82,abhi-sathvika,2025-04-29,16:36:07,-07:00,2025-04-29T16:36:07-07:00,0,40
projects\projects.js,23,js,58edcd82,abhi-sathvika,2025-04-29,16:36:07,-07:00,2025-04-29T16:36:07-07:00,0,60
projects\projects.js,24,js,58edcd82,abhi-sathvika,2025-04-29,16:36:07,-07:00,2025-04-29T16:36:07-07:00,0,35
projects\projects.js,25,js,58edcd82,abhi-sathvika,2025-04-29,16:36:07,-07:00,2025-04-29T16:36:07-07:00,0,2
projects\projects.js,26,js,58edcd82,abhi-sathvika,2025-04-29,16:36:07,-07:00,2025-04-29T16:36:07-07:00,0,0
projects\projects.js,27,js,58edcd82,abhi-sathvika,2025-04-29,16:36:07,-07:00,2025-04-29T16:36:07-07:00,0,0
projects\projects.js,28,js,58edcd82,abhi-sathvika,2025-04-29,16:36:07,-07:00,2025-04-29T16:36:07-07:00,0,52
projects\projects.js,29,js,58edcd82,abhi-sathvika,2025-04-29,16:36:07,-07:00,2025-04-29T16:36:07-07:00,0,47
projects\projects.js,30,js,58edcd82,abhi-sathvika,2025-04-29,16:36:07,-07:00,2025-04-29T16:36:07-07:00,0,56
projects\projects.js,31,js,58edcd82,abhi-sathvika,2025-04-29,16:36:07,-07:00,2025-04-29T16:36:07-07:00,0,0
projects\projects.js,32,js,58edcd82,abhi-sathvika,2025-04-29,16:36:07,-07:00,2025-04-29T16:36:07-07:00,0,0
projects\projects.js,33,js,58edcd82,abhi-sathvika,2025-04-29,16:36:07,-07:00,2025-04-29T16:36:07-07:00,0,15
projects\projects.js,34,js,58edcd82,abhi-sathvika,2025-04-29,16:36:07,-07:00,2025-04-29T16:36:07-07:00,0,0
projects\projects.js,35,js,58edcd82,abhi-sathvika,2025-04-29,16:36:07,-07:00,2025-04-29T16:36:07-07:00,0,0
projects\projects.js,36,js,58edcd82,abhi-sathvika,2025-04-29,16:36:07,-07:00,2025-04-29T16:36:07-07:00,0,11
projects\projects.js,37,js,58edcd82,abhi-sathvika,2025-04-29,16:36:07,-07:00,2025-04-29T16:36:07-07:00,0,22
projects\projects.js,38,js,58edcd82,abhi-sathvika,2025-04-29,16:36:07,-07:00,2025-04-29T16:36:07-07:00,0,46
projects\projects.js,39,js,58edcd82,abhi-sathvika,2025-04-29,16:36:07,-07:00,2025-04-29T16:36:07-07:00,0,57
projects\projects.js,40,js,58edcd82,abhi-sathvika,2025-04-29,16:36:07,-07:00,2025-04-29T16:36:07-07:00,0,67
projects\projects.js,41,js,58edcd82,abhi-sathvika,2025-04-29,16:36:07,-07:00,2025-04-29T16:36:07-07:00,0,32
projects\projects.js,42,js,58edcd82,abhi-sathvika,2025-04-29,16:36:07,-07:00,2025-04-29T16:36:07-07:00,0,0
projects\projects.js,43,js,58edcd82,abhi-sathvika,2025-04-29,16:36:07,-07:00,2025-04-29T16:36:07-07:00,0,0
projects\projects.js,44,js,58edcd82,abhi-sathvika,2025-04-29,16:36:07,-07:00,2025-04-29T16:36:07-07:00,0,24
projects\projects.js,45,js,58edcd82,abhi-sathvika,2025-04-29,16:36:07,-07:00,2025-04-29T16:36:07-07:00,0,49
projects\projects.js,46,js,58edcd82,abhi-sathvika,2025-04-29,16:36:07,-07:00,2025-04-29T16:36:07-07:00,0,46
projects\projects.js,47,js,58edcd82,abhi-sathvika,2025-04-29,16:36:07,-07:00,2025-04-29T16:36:07-07:00,0,12
projects\projects.js,48,js,58edcd82,abhi-sathvika,2025-04-29,16:36:07,-07:00,2025-04-29T16:36:07-07:00,0,2
projects\projects.js,49,js,58edcd82,abhi-sathvika,2025-04-29,16:36:07,-07:00,2025-04-29T16:36:07-07:00,0,0
projects\projects.js,50,js,58edcd82,abhi-sathvika,2025-04-29,16:36:07,-07:00,2025-04-29T16:36:07-07:00,0,21
projects\projects.js,51,js,58edcd82,abhi-sathvika,2025-04-29,16:36:07,-07:00,2025-04-29T16:36:07-07:00,0,16
projects\projects.js,52,js,58edcd82,abhi-sathvika,2025-04-29,16:36:07,-07:00,2025-04-29T16:36:07-07:00,0,0
projects\projects.js,53,js,58edcd82,abhi-sathvika,2025-04-29,16:36:07,-07:00,2025-04-29T16:36:07-07:00,0,42
projects\projects.js,54,js,58edcd82,abhi-sathvika,2025-04-29,16:36:07,-07:00,2025-04-29T16:36:07-07:00,0,27
projects\projects.js,55,js,58edcd82,abhi-sathvika,2025-04-29,16:36:07,-07:00,2025-04-29T16:36:07-07:00,0,30
projects\projects.js,56,js,58edcd82,abhi-sathvika,2025-04-29,16:36:07,-07:00,2025-04-29T16:36:07-07:00,0,0
projects\projects.js,57,js,58edcd82,abhi-sathvika,2025-04-29,16:36:07,-07:00,2025-04-29T16:36:07-07:00,0,54
projects\projects.js,58,js,58edcd82,abhi-sathvika,2025-04-29,16:36:07,-07:00,2025-04-29T16:36:07-07:00,0,29
projects\projects.js,59,js,58edcd82,abhi-sathvika,2025-04-29,16:36:07,-07:00,2025-04-29T16:36:07-07:00,0,8
projects\projects.js,60,js,58edcd82,abhi-sathvika,2025-04-29,16:36:07,-07:00,2025-04-29T16:36:07-07:00,0,15
projects\projects.js,61,js,58edcd82,abhi-sathvika,2025-04-29,16:36:07,-07:00,2025-04-29T16:36:07-07:00,0,12
projects\projects.js,62,js,58edcd82,abhi-sathvika,2025-04-29,16:36:07,-07:00,2025-04-29T16:36:07-07:00,0,1
projects\projects.js,63,js,58edcd82,abhi-sathvika,2025-04-29,16:36:07,-07:00,2025-04-29T16:36:07-07:00,0,0
projects\projects.js,64,js,58edcd82,abhi-sathvika,2025-04-29,16:36:07,-07:00,2025-04-29T16:36:07-07:00,0,79
projects\projects.js,65,js,58edcd82,abhi-sathvika,2025-04-29,16:36:07,-07:00,2025-04-29T16:36:07-07:00,0,14
projects\projects.js,66,js,58edcd82,abhi-sathvika,2025-04-29,16:36:07,-07:00,2025-04-29T16:36:07-07:00,0,0
projects\projects.js,67,js,58edcd82,abhi-sathvika,2025-04-29,16:36:07,-07:00,2025-04-29T16:36:07-07:00,0,29
projects\projects.js,68,js,58edcd82,abhi-sathvika,2025-04-29,16:36:07,-07:00,2025-04-29T16:36:07-07:00,0,0
projects\projects.js,69,js,58edcd82,abhi-sathvika,2025-04-29,16:36:07,-07:00,2025-04-29T16:36:07-07:00,0,64
projects\projects.js,70,js,58edcd82,abhi-sathvika,2025-04-29,16:36:07,-07:00,2025-04-29T16:36:07-07:00,0,40
projects\projects.js,71,js,58edcd82,abhi-sathvika,2025-04-29,16:36:07,-07:00,2025-04-29T16:36:07-07:00,0,25
projects\projects.js,72,js,58edcd82,abhi-sathvika,2025-04-29,16:36:07,-07:00,2025-04-29T16:36:07-07:00,0,0
projects\projects.js,73,js,58edcd82,abhi-sathvika,2025-04-29,16:36:07,-07:00,2025-04-29T16:36:07-07:00,0,17
projects\projects.js,74,js,58edcd82,abhi-sathvika,2025-04-29,16:36:07,-07:00,2025-04-29T16:36:07-07:00,0,26
projects\projects.js,75,js,58edcd82,abhi-sathvika,2025-04-29,16:36:07,-07:00,2025-04-29T16:36:07-07:00,0,17
projects\projects.js,76,js,58edcd82,abhi-sathvika,2025-04-29,16:36:07,-07:00,2025-04-29T16:36:07-07:00,0,26
projects\projects.js,77,js,58edcd82,abhi-sathvika,2025-04-29,16:36:07,-07:00,2025-04-29T16:36:07-07:00,0,53
projects\projects.js,78,js,58edcd82,abhi-sathvika,2025-04-29,16:36:07,-07:00,2025-04-29T16:36:07-07:00,0,52
projects\projects.js,79,js,58edcd82,abhi-sathvika,2025-04-29,16:36:07,-07:00,2025-04-29T16:36:07-07:00,0,19
projects\projects.js,80,js,58edcd82,abhi-sathvika,2025-04-29,16:36:07,-07:00,2025-04-29T16:36:07-07:00,0,44
projects\projects.js,81,js,58edcd82,abhi-sathvika,2025-04-29,16:36:07,-07:00,2025-04-29T16:36:07-07:00,0,12
projects\projects.js,82,js,58edcd82,abhi-sathvika,2025-04-29,16:36:07,-07:00,2025-04-29T16:36:07-07:00,0,2
projects\projects.js,83,js,58edcd82,abhi-sathvika,2025-04-29,16:36:07,-07:00,2025-04-29T16:36:07-07:00,0,2
projects\projects.js,84,js,6773dc3d,abhi-sathvika,2025-04-21,18:37:03,-07:00,2025-04-21T18:37:03-07:00,0,0
projects\projects.js,85,js,58edcd82,abhi-sathvika,2025-04-29,16:36:07,-07:00,2025-04-29T16:36:07-07:00,0,13
projects\projects.js,86,js,58edcd82,abhi-sathvika,2025-04-29,16:36:07,-07:00,2025-04-29T16:36:07-07:00,0,23
projects\projects.js,87,js,58edcd82,abhi-sathvika,2025-04-29,16:36:07,-07:00,2025-04-29T16:36:07-07:00,0,18
projects\projects.js,88,js,58edcd82,abhi-sathvika,2025-04-29,16:36:07,-07:00,2025-04-29T16:36:07-07:00,0,37
projects\projects.js,89,js,58edcd82,abhi-sathvika,2025-04-29,16:36:07,-07:00,2025-04-29T16:36:07-07:00,0,52
projects\projects.js,90,js,58edcd82,abhi-sathvika,2025-04-29,16:36:07,-07:00,2025-04-29T16:36:07-07:00,0,69
projects\projects.js,91,js,58edcd82,abhi-sathvika,2025-04-29,16:36:07,-07:00,2025-04-29T16:36:07-07:00,0,19
projects\projects.js,92,js,58edcd82,abhi-sathvika,2025-04-29,16:36:07,-07:00,2025-04-29T16:36:07-07:00,0,44
projects\projects.js,93,js,58edcd82,abhi-sathvika,2025-04-29,16:36:07,-07:00,2025-04-29T16:36:07-07:00,0,12
projects\projects.js,94,js,58edcd82,abhi-sathvika,2025-04-29,16:36:07,-07:00,2025-04-29T16:36:07-07:00,0,2
projects\projects.js,95,js,58edcd82,abhi-sathvika,2025-04-29,16:36:07,-07:00,2025-04-29T16:36:07-07:00,0,2
projects\projects.js,96,js,58edcd82,abhi-sathvika,2025-04-29,16:36:07,-07:00,2025-04-29T16:36:07-07:00,0,0
projects\projects.js,97,js,58edcd82,abhi-sathvika,2025-04-29,16:36:07,-07:00,2025-04-29T16:36:07-07:00,0,12
projects\index.html,1,html,7bb971a5,abhi-sathvika,2025-04-02,19:39:46,-07:00,2025-04-02T19:39:46-07:00,0,14
projects\index.html,2,html,7bb971a5,abhi-sathvika,2025-04-02,19:39:46,-07:00,2025-04-02T19:39:46-07:00,0,15
projects\index.html,3,html,7bb971a5,abhi-sathvika,2025-04-02,19:39:46,-07:00,2025-04-02T19:39:46-07:00,0,5
projects\index.html,4,html,7bb971a5,abhi-sathvika,2025-04-02,19:39:46,-07:00,2025-04-02T19:39:46-07:00,0,21
projects\index.html,5,html,7bb971a5,abhi-sathvika,2025-04-02,19:39:46,-07:00,2025-04-02T19:39:46-07:00,0,69
projects\index.html,6,html,7bb971a5,abhi-sathvika,2025-04-02,19:39:46,-07:00,2025-04-02T19:39:46-07:00,0,22
projects\index.html,7,html,271e408f,abhi-sathvika,2025-04-08,10:07:12,-07:00,2025-04-08T10:07:12-07:00,0,42
projects\index.html,8,html,b962be00,abhi-sathvika,2025-04-14,16:28:10,-07:00,2025-04-14T16:28:10-07:00,0,49
projects\index.html,9,html,6773dc3d,abhi-sathvika,2025-04-21,18:37:03,-07:00,2025-04-21T18:37:03-07:00,0,49
projects\index.html,10,html,6773dc3d,abhi-sathvika,2025-04-21,18:37:03,-07:00,2025-04-21T18:37:03-07:00,0,48
projects\index.html,11,html,6773dc3d,abhi-sathvika,2025-04-21,18:37:03,-07:00,2025-04-21T18:37:03-07:00,0,0
projects\index.html,12,html,7bb971a5,abhi-sathvika,2025-04-02,19:39:46,-07:00,2025-04-02T19:39:46-07:00,0,6
projects\index.html,13,html,7bb971a5,abhi-sathvika,2025-04-02,19:39:46,-07:00,2025-04-02T19:39:46-07:00,0,5
projects\index.html,14,html,7bb971a5,abhi-sathvika,2025-04-02,19:39:46,-07:00,2025-04-02T19:39:46-07:00,0,0
projects\index.html,15,html,58edcd82,abhi-sathvika,2025-04-29,16:36:07,-07:00,2025-04-29T16:36:07-07:00,0,39
projects\index.html,16,html,271e408f,abhi-sathvika,2025-04-08,10:07:12,-07:00,2025-04-08T10:07:12-07:00,0,0
projects\index.html,17,html,58edcd82,abhi-sathvika,2025-04-29,16:36:07,-07:00,2025-04-29T16:36:07-07:00,0,22
projects\index.html,18,html,58edcd82,abhi-sathvika,2025-04-29,16:36:07,-07:00,2025-04-29T16:36:07-07:00,0,59
projects\index.html,19,html,58edcd82,abhi-sathvika,2025-04-29,16:36:07,-07:00,2025-04-29T16:36:07-07:00,0,23
projects\index.html,20,html,271e408f,abhi-sathvika,2025-04-08,10:07:12,-07:00,2025-04-08T10:07:12-07:00,0,5
projects\index.html,21,html,271e408f,abhi-sathvika,2025-04-08,10:07:12,-07:00,2025-04-08T10:07:12-07:00,0,0
projects\index.html,22,html,58edcd82,abhi-sathvika,2025-04-29,16:36:07,-07:00,2025-04-29T16:36:07-07:00,0,5
projects\index.html,23,html,58edcd82,abhi-sathvika,2025-04-29,16:36:07,-07:00,2025-04-29T16:36:07-07:00,0,16
projects\index.html,24,html,58edcd82,abhi-sathvika,2025-04-29,16:36:07,-07:00,2025-04-29T16:36:07-07:00,0,12
projects\index.html,25,html,58edcd82,abhi-sathvika,2025-04-29,16:36:07,-07:00,2025-04-29T16:36:07-07:00,0,27
projects\index.html,26,html,58edcd82,abhi-sathvika,2025-04-29,16:36:07,-07:00,2025-04-29T16:36:07-07:00,0,32
projects\index.html,27,html,58edcd82,abhi-sathvika,2025-04-29,16:36:07,-07:00,2025-04-29T16:36:07-07:00,0,1
projects\index.html,28,html,58edcd82,abhi-sathvika,2025-04-29,16:36:07,-07:00,2025-04-29T16:36:07-07:00,0,0
projects\index.html,29,html,58edcd82,abhi-sathvika,2025-04-29,16:36:07,-07:00,2025-04-29T16:36:07-07:00,0,27
projects\index.html,30,html,58edcd82,abhi-sathvika,2025-04-29,16:36:07,-07:00,2025-04-29T16:36:07-07:00,0,0
projects\index.html,31,html,58edcd82,abhi-sathvika,2025-04-29,16:36:07,-07:00,2025-04-29T16:36:07-07:00,0,0
projects\index.html,32,html,58edcd82,abhi-sathvika,2025-04-29,16:36:07,-07:00,2025-04-29T16:36:07-07:00,0,0
projects\index.html,33,html,58edcd82,abhi-sathvika,2025-04-29,16:36:07,-07:00,2025-04-29T16:36:07-07:00,0,0
projects\index.html,34,html,7bb971a5,abhi-sathvika,2025-04-02,19:39:46,-07:00,2025-04-02T19:39:46-07:00,0,0
projects\index.html,35,html,7bb971a5,abhi-sathvika,2025-04-02,19:39:46,-07:00,2025-04-02T19:39:46-07:00,0,6
projects\index.html,36,html,7bb971a5,abhi-sathvika,2025-04-02,19:39:46,-07:00,2025-04-02T19:39:46-07:00,0,6
contact\index.html,1,html,7bb971a5,abhi-sathvika,2025-04-02,19:39:46,-07:00,2025-04-02T19:39:46-07:00,0,14
contact\index.html,2,html,7bb971a5,abhi-sathvika,2025-04-02,19:39:46,-07:00,2025-04-02T19:39:46-07:00,0,15
contact\index.html,3,html,7bb971a5,abhi-sathvika,2025-04-02,19:39:46,-07:00,2025-04-02T19:39:46-07:00,0,5
contact\index.html,4,html,7bb971a5,abhi-sathvika,2025-04-02,19:39:46,-07:00,2025-04-02T19:39:46-07:00,0,21
contact\index.html,5,html,7bb971a5,abhi-sathvika,2025-04-02,19:39:46,-07:00,2025-04-02T19:39:46-07:00,0,69
contact\index.html,6,html,7bb971a5,abhi-sathvika,2025-04-02,19:39:46,-07:00,2025-04-02T19:39:46-07:00,0,21
contact\index.html,7,html,271e408f,abhi-sathvika,2025-04-08,10:07:12,-07:00,2025-04-08T10:07:12-07:00,0,42
contact\index.html,8,html,b962be00,abhi-sathvika,2025-04-14,16:28:10,-07:00,2025-04-14T16:28:10-07:00,0,49
contact\index.html,9,html,7bb971a5,abhi-sathvika,2025-04-02,19:39:46,-07:00,2025-04-02T19:39:46-07:00,0,6
contact\index.html,10,html,7bb971a5,abhi-sathvika,2025-04-02,19:39:46,-07:00,2025-04-02T19:39:46-07:00,0,5
contact\index.html,11,html,7bb971a5,abhi-sathvika,2025-04-02,19:39:46,-07:00,2025-04-02T19:39:46-07:00,0,0
contact\index.html,12,html,b962be00,abhi-sathvika,2025-04-14,16:28:10,-07:00,2025-04-14T16:28:10-07:00,0,9
contact\index.html,13,html,271e408f,abhi-sathvika,2025-04-08,10:07:12,-07:00,2025-04-08T10:07:12-07:00,0,3
contact\index.html,14,html,271e408f,abhi-sathvika,2025-04-08,10:07:12,-07:00,2025-04-08T10:07:12-07:00,0,40
contact\index.html,15,html,271e408f,abhi-sathvika,2025-04-08,10:07:12,-07:00,2025-04-08T10:07:12-07:00,0,53
contact\index.html,16,html,271e408f,abhi-sathvika,2025-04-08,10:07:12,-07:00,2025-04-08T10:07:12-07:00,0,49
contact\index.html,17,html,b962be00,abhi-sathvika,2025-04-14,16:28:10,-07:00,2025-04-14T16:28:10-07:00,0,40
contact\index.html,18,html,271e408f,abhi-sathvika,2025-04-08,10:07:12,-07:00,2025-04-08T10:07:12-07:00,0,77
contact\index.html,19,html,271e408f,abhi-sathvika,2025-04-08,10:07:12,-07:00,2025-04-08T10:07:12-07:00,0,4
contact\index.html,20,html,b962be00,abhi-sathvika,2025-04-14,16:28:10,-07:00,2025-04-14T16:28:10-07:00,0,9
contact\index.html,21,html,7bb971a5,abhi-sathvika,2025-04-02,19:39:46,-07:00,2025-04-02T19:39:46-07:00,0,0
contact\index.html,22,html,7bb971a5,abhi-sathvika,2025-04-02,19:39:46,-07:00,2025-04-02T19:39:46-07:00,0,15
contact\index.html,23,html,7bb971a5,abhi-sathvika,2025-04-02,19:39:46,-07:00,2025-04-02T19:39:46-07:00,0,0
contact\index.html,24,html,f200ac63,abhi-sathvika,2025-04-15,10:05:08,-07:00,2025-04-15T10:05:08-07:00,0,73
contact\index.html,25,html,b962be00,abhi-sathvika,2025-04-14,16:28:10,-07:00,2025-04-14T16:28:10-07:00,0,6
contact\index.html,26,html,b962be00,abhi-sathvika,2025-04-14,16:28:10,-07:00,2025-04-14T16:28:10-07:00,0,7
contact\index.html,27,html,b962be00,abhi-sathvika,2025-04-14,16:28:10,-07:00,2025-04-14T16:28:10-07:00,0,42
contact\index.html,28,html,b962be00,abhi-sathvika,2025-04-14,16:28:10,-07:00,2025-04-14T16:28:10-07:00,0,7
contact\index.html,29,html,b962be00,abhi-sathvika,2025-04-14,16:28:10,-07:00,2025-04-14T16:28:10-07:00,0,6
contact\index.html,30,html,b962be00,abhi-sathvika,2025-04-14,16:28:10,-07:00,2025-04-14T16:28:10-07:00,0,7
contact\index.html,31,html,b962be00,abhi-sathvika,2025-04-14,16:28:10,-07:00,2025-04-14T16:28:10-07:00,0,41
contact\index.html,32,html,b962be00,abhi-sathvika,2025-04-14,16:28:10,-07:00,2025-04-14T16:28:10-07:00,0,7
contact\index.html,33,html,b962be00,abhi-sathvika,2025-04-14,16:28:10,-07:00,2025-04-14T16:28:10-07:00,0,34
contact\index.html,34,html,b962be00,abhi-sathvika,2025-04-14,16:28:10,-07:00,2025-04-14T16:28:10-07:00,0,6
contact\index.html,35,html,b962be00,abhi-sathvika,2025-04-14,16:28:10,-07:00,2025-04-14T16:28:10-07:00,0,0
contact\index.html,36,html,271e408f,abhi-sathvika,2025-04-08,10:07:12,-07:00,2025-04-08T10:07:12-07:00,0,82
contact\index.html,37,html,7bb971a5,abhi-sathvika,2025-04-02,19:39:46,-07:00,2025-04-02T19:39:46-07:00,0,37
contact\index.html,38,html,271e408f,abhi-sathvika,2025-04-08,10:07:12,-07:00,2025-04-08T10:07:12-07:00,0,32
contact\index.html,39,html,7bb971a5,abhi-sathvika,2025-04-02,19:39:46,-07:00,2025-04-02T19:39:46-07:00,0,0
contact\index.html,40,html,7bb971a5,abhi-sathvika,2025-04-02,19:39:46,-07:00,2025-04-02T19:39:46-07:00,0,36
contact\index.html,41,html,271e408f,abhi-sathvika,2025-04-08,10:07:12,-07:00,2025-04-08T10:07:12-07:00,0,33
contact\index.html,42,html,7bb971a5,abhi-sathvika,2025-04-02,19:39:46,-07:00,2025-04-02T19:39:46-07:00,0,0
contact\index.html,43,html,271e408f,abhi-sathvika,2025-04-08,10:07:12,-07:00,2025-04-08T10:07:12-07:00,0,33
contact\index.html,44,html,271e408f,abhi-sathvika,2025-04-08,10:07:12,-07:00,2025-04-08T10:07:12-07:00,0,77
contact\index.html,45,html,7bb971a5,abhi-sathvika,2025-04-02,19:39:46,-07:00,2025-04-02T19:39:46-07:00,0,0
contact\index.html,46,html,7bb971a5,abhi-sathvika,2025-04-02,19:39:46,-07:00,2025-04-02T19:39:46-07:00,0,26
contact\index.html,47,html,7bb971a5,abhi-sathvika,2025-04-02,19:39:46,-07:00,2025-04-02T19:39:46-07:00,0,0
contact\index.html,48,html,271e408f,abhi-sathvika,2025-04-08,10:07:12,-07:00,2025-04-08T10:07:12-07:00,0,10
contact\index.html,49,html,271e408f,abhi-sathvika,2025-04-08,10:07:12,-07:00,2025-04-08T10:07:12-07:00,0,0
contact\index.html,50,html,b962be00,abhi-sathvika,2025-04-14,16:28:10,-07:00,2025-04-14T16:28:10-07:00,0,82
contact\index.html,51,html,271e408f,abhi-sathvika,2025-04-08,10:07:12,-07:00,2025-04-08T10:07:12-07:00,0,6
contact\index.html,52,html,271e408f,abhi-sathvika,2025-04-08,10:07:12,-07:00,2025-04-08T10:07:12-07:00,0,10
contact\index.html,53,html,271e408f,abhi-sathvika,2025-04-08,10:07:12,-07:00,2025-04-08T10:07:12-07:00,0,32
contact\index.html,54,html,271e408f,abhi-sathvika,2025-04-08,10:07:12,-07:00,2025-04-08T10:07:12-07:00,0,7
contact\index.html,55,html,271e408f,abhi-sathvika,2025-04-08,10:07:12,-07:00,2025-04-08T10:07:12-07:00,0,0
contact\index.html,56,html,271e408f,abhi-sathvika,2025-04-08,10:07:12,-07:00,2025-04-08T10:07:12-07:00,0,6
contact\index.html,57,html,271e408f,abhi-sathvika,2025-04-08,10:07:12,-07:00,2025-04-08T10:07:12-07:00,0,7
contact\index.html,58,html,271e408f,abhi-sathvika,2025-04-08,10:07:12,-07:00,2025-04-08T10:07:12-07:00,0,33
contact\index.html,59,html,271e408f,abhi-sathvika,2025-04-08,10:07:12,-07:00,2025-04-08T10:07:12-07:00,0,7
contact\index.html,60,html,271e408f,abhi-sathvika,2025-04-08,10:07:12,-07:00,2025-04-08T10:07:12-07:00,0,0
contact\index.html,61,html,271e408f,abhi-sathvika,2025-04-08,10:07:12,-07:00,2025-04-08T10:07:12-07:00,0,6
contact\index.html,62,html,271e408f,abhi-sathvika,2025-04-08,10:07:12,-07:00,2025-04-08T10:07:12-07:00,0,7
contact\index.html,63,html,271e408f,abhi-sathvika,2025-04-08,10:07:12,-07:00,2025-04-08T10:07:12-07:00,0,77
contact\index.html,64,html,271e408f,abhi-sathvika,2025-04-08,10:07:12,-07:00,2025-04-08T10:07:12-07:00,0,7
contact\index.html,65,html,271e408f,abhi-sathvika,2025-04-08,10:07:12,-07:00,2025-04-08T10:07:12-07:00,0,0
contact\index.html,66,html,271e408f,abhi-sathvika,2025-04-08,10:07:12,-07:00,2025-04-08T10:07:12-07:00,0,26
contact\index.html,67,html,b962be00,abhi-sathvika,2025-04-14,16:28:10,-07:00,2025-04-14T16:28:10-07:00,0,10
contact\index.html,68,html,271e408f,abhi-sathvika,2025-04-08,10:07:12,-07:00,2025-04-08T10:07:12-07:00,0,0
contact\index.html,69,html,271e408f,abhi-sathvika,2025-04-08,10:07:12,-07:00,2025-04-08T10:07:12-07:00,0,0
contact\index.html,70,html,7bb971a5,abhi-sathvika,2025-04-02,19:39:46,-07:00,2025-04-02T19:39:46-07:00,0,0
contact\index.html,71,html,7bb971a5,abhi-sathvika,2025-04-02,19:39:46,-07:00,2025-04-02T19:39:46-07:00,0,6
contact\index.html,72,html,7bb971a5,abhi-sathvika,2025-04-02,19:39:46,-07:00,2025-04-02T19:39:46-07:00,0,6
